Date,Time,Product,Temperature,Vibration,Information
2022-07-08,13:50:18,-,-,-,-
2022-07-08,13:50:18,0,90.47,0.15,Too high Temp
2022-07-08,13:50:18,0,90.47,0.15,-
2022-07-08,13:50:19,0,90.48,0.01,Too high Temp
2022-07-08,13:50:20,0,90.47,0.01,Too high Temp
2022-07-08,13:50:20,0,90.48,0.0,Too high Temp
2022-07-08,13:50:20,0,90.48,0.0,-
2022-07-08,13:50:20,0,90.47,0.01,Too high Temp
2022-07-08,13:50:21,0,90.48,0.01,Too high Temp
2022-07-08,13:50:21,0,90.47,0.01,Too high Temp
2022-07-08,13:50:21,0,90.47,0.01,Too high Temp
2022-07-08,13:50:21,0,90.48,0.0,-
2022-07-08,13:50:22,0,90.47,0.01,Too high Temp
2022-07-08,13:50:22,0,90.48,0.0,Too high Temp
2022-07-08,13:50:22,0,90.48,0.01,Too high Temp
2022-07-08,13:50:22,0,90.47,0.01,-
2022-07-08,13:50:22,0,90.48,0.0,Too high Temp
2022-07-08,13:50:23,0,90.47,0.01,Too high Temp
2022-07-08,13:50:23,0,90.47,0.01,Too high Temp
2022-07-08,13:50:23,0,90.48,0.0,Too high Temp
2022-07-08,13:50:23,0,90.48,0.0,-
2022-07-08,13:50:24,0,90.48,0.01,Too high Temp
2022-07-08,13:50:24,0,90.47,0.01,Too high Temp
2022-07-08,13:50:24,0,90.47,0.01,Too high Temp
2022-07-08,13:50:24,0,90.48,0.0,-
2022-07-08,13:50:25,0,90.48,0.0,Too high Temp
2022-07-08,13:50:25,0,90.48,0.01,Too high Temp
2022-07-08,13:50:25,0,90.48,0.01,Too high Temp
2022-07-08,13:50:25,0,90.48,0.0,Too high Temp
2022-07-08,13:50:25,0,90.48,0.0,-
2022-07-08,13:50:26,0,90.47,0.01,Too high Temp
2022-07-08,13:50:26,0,90.48,0.01,Too high Temp
2022-07-08,13:50:26,0,90.47,0.01,Too high Temp
2022-07-08,13:50:27,0,90.48,0.01,-
2022-07-08,13:50:27,0,90.47,0.01,Too high Temp
2022-07-08,13:50:27,0,90.48,0.0,Too high Temp
2022-07-08,13:50:27,0,90.48,0.0,Too high Temp
2022-07-08,13:50:28,0,90.48,0.0,Too high Temp
2022-07-08,13:50:28,0,90.48,0.0,-
2022-07-08,13:50:28,0,90.47,0.0,Too high Temp
2022-07-08,13:50:28,0,90.47,0.0,Too high Temp
2022-07-08,13:50:28,0,90.47,0.0,Too high Temp
2022-07-08,13:50:29,0,90.48,0.0,-
2022-07-08,13:50:29,0,90.48,0.0,Too high Temp
2022-07-08,13:50:29,0,90.47,0.01,Too high Temp
2022-07-08,13:50:29,0,90.48,0.01,Too high Temp
2022-07-08,13:50:30,0,90.48,0.0,-
2022-07-08,13:50:30,0,90.48,0.01,Too high Temp
2022-07-08,13:50:30,0,90.48,0.01,Too high Temp
2022-07-08,13:50:30,0,90.48,0.0,Too high Temp
2022-07-08,13:50:31,0,90.48,0.0,Too high Temp
2022-07-08,13:50:31,0,90.48,0.01,-
2022-07-08,13:50:31,0,90.47,0.01,Too high Temp
2022-07-08,13:50:31,0,90.47,0.01,Too high Temp
2022-07-08,13:50:31,0,90.47,0.01,Too high Temp
2022-07-08,13:50:32,0,90.47,0.0,-
2022-07-08,13:50:32,0,90.47,0.0,Too high Temp
2022-07-08,13:50:32,0,90.48,0.0,Too high Temp
2022-07-08,13:50:32,0,90.48,0.01,Too high Temp
2022-07-08,13:50:33,0,90.48,0.0,Too high Temp
2022-07-08,13:50:33,0,90.48,0.0,-
2022-07-08,13:50:33,0,90.48,0.0,Too high Temp
2022-07-08,13:50:33,0,90.48,0.01,Too high Temp
2022-07-08,13:50:34,0,90.48,0.01,Too high Temp
2022-07-08,13:50:34,0,90.48,0.0,-
2022-07-08,13:50:34,0,90.48,0.02,Too high Temp
2022-07-08,13:50:34,0,90.47,0.01,Too high Temp
2022-07-08,13:50:34,0,90.48,0.0,Too high Temp
2022-07-08,13:50:35,0,90.47,0.01,Too high Temp
2022-07-08,13:50:35,0,90.47,0.01,-
2022-07-08,13:50:35,0,90.48,0.01,Too high Temp
2022-07-08,13:50:35,0,90.48,0.0,Too high Temp
2022-07-08,13:50:36,0,90.48,0.0,Too high Temp
2022-07-08,13:50:36,0,90.48,0.0,-
2022-07-08,13:50:36,0,90.47,0.01,Too high Temp
2022-07-08,13:50:36,0,90.48,0.0,Too high Temp
2022-07-08,13:50:37,0,90.47,0.01,Too high Temp
2022-07-08,13:50:37,0,90.48,0.0,-
2022-07-08,13:50:37,0,90.48,0.01,Too high Temp
2022-07-08,13:50:37,0,90.48,0.0,Too high Temp
2022-07-08,13:50:37,0,90.48,0.01,Too high Temp
2022-07-08,13:50:38,0,90.48,0.0,Too high Temp
2022-07-08,13:50:38,0,90.48,0.0,-
2022-07-08,13:50:38,0,90.47,0.01,Too high Temp
2022-07-08,13:50:38,0,90.48,0.0,Too high Temp
2022-07-08,13:50:39,0,90.48,0.0,Too high Temp
2022-07-08,13:50:39,0,90.47,0.01,-
2022-07-08,13:50:39,0,90.48,0.01,Too high Temp
2022-07-08,13:50:39,0,90.48,0.01,Too high Temp
2022-07-08,13:50:40,0,90.48,0.0,Too high Temp
2022-07-08,13:50:40,0,90.48,0.0,Too high Temp
2022-07-08,13:50:40,0,90.48,0.0,-
2022-07-08,13:50:40,0,90.47,0.01,Too high Temp
2022-07-08,13:50:40,0,90.48,0.0,Too high Temp
2022-07-08,13:50:41,0,90.48,0.01,Too high Temp
2022-07-08,13:50:41,0,90.48,0.01,-
2022-07-08,13:50:41,0,90.48,0.01,Too high Temp
2022-07-08,13:50:41,0,90.48,0.01,Too high Temp
2022-07-08,13:50:49,0,90.48,0.05,Too high Temp
2022-07-08,13:50:49,0,90.48,0.05,-
2022-07-08,13:50:51,0,90.48,0.0,Too high Temp
2022-07-08,13:50:51,0,90.47,0.0,Too high Temp
2022-07-08,13:50:51,0,90.48,0.0,Too high Temp
2022-07-08,13:50:51,0,90.48,0.0,-
2022-07-08,13:50:52,0,90.47,0.0,Too high Temp
2022-07-08,13:50:52,0,90.48,0.0,Too high Temp
2022-07-08,13:50:52,0,90.48,0.0,Too high Temp
2022-07-08,13:50:52,0,90.48,0.0,Too high Temp
2022-07-08,13:50:52,0,90.48,0.0,-
2022-07-08,13:50:53,0,90.48,0.0,Too high Temp
2022-07-08,13:50:53,0,90.48,0.0,Too high Temp
2022-07-08,13:50:53,0,90.48,0.0,Too high Temp
2022-07-08,13:50:54,0,90.48,0.0,-
2022-07-08,13:50:54,0,90.48,0.0,Too high Temp
2022-07-08,13:50:54,0,90.48,0.0,Too high Temp
2022-07-08,13:50:54,0,90.47,0.01,Too high Temp
2022-07-08,13:50:55,0,90.48,0.0,Too high Temp
2022-07-08,13:50:55,0,90.48,0.0,-
2022-07-08,13:50:55,0,90.48,0.01,Too high Temp
2022-07-08,13:50:55,0,90.48,0.0,Too high Temp
2022-07-08,13:50:55,0,90.48,0.0,Too high Temp
2022-07-08,13:50:56,0,90.48,0.01,-
2022-07-08,13:50:56,0,90.47,0.0,Too high Temp
2022-07-08,13:50:56,0,90.47,0.0,Too high Temp
2022-07-08,13:50:56,0,90.47,0.0,Too high Temp
2022-07-08,13:50:57,0,90.48,0.0,Too high Temp
2022-07-08,13:50:57,0,90.48,0.0,-
2022-07-08,13:50:57,0,90.48,0.0,Too high Temp
2022-07-08,13:50:57,0,90.48,0.0,Too high Temp
2022-07-08,13:50:58,0,90.48,0.0,Too high Temp
2022-07-08,13:50:58,0,90.48,0.0,-
2022-07-08,13:50:58,0,90.48,0.0,Too high Temp
2022-07-08,13:50:58,0,90.48,0.0,Too high Temp
2022-07-08,13:50:58,0,90.48,0.0,Too high Temp
2022-07-08,13:50:59,0,90.48,0.0,-
2022-07-08,13:50:59,0,90.48,0.0,Too high Temp
2022-07-08,13:50:59,0,90.48,0.0,Too high Temp
2022-07-08,13:50:59,0,90.48,0.01,Too high Temp
2022-07-08,13:51:00,0,90.48,0.0,Too high Temp
2022-07-08,14:10:39,0,90.48,0.14,Too high Temp
2022-07-08,14:10:39,0,90.48,0.14,-
2022-07-08,14:10:40,0,90.47,0.01,Too high Temp
2022-07-08,14:10:40,0,90.48,0.01,Too high Temp
2022-07-08,14:10:41,0,90.47,0.01,Too high Temp
2022-07-08,14:10:41,0,90.47,0.01,-
2022-07-08,14:10:41,0,90.47,0.01,Too high Temp
2022-07-08,14:10:41,0,90.47,0.01,Too high Temp
2022-07-08,14:10:42,0,90.47,0.01,Too high Temp
2022-07-08,14:10:42,0,90.48,0.01,-
2022-07-08,14:10:42,0,90.47,0.01,Too high Temp
2022-07-08,14:10:42,0,90.47,0.01,Too high Temp
2022-07-08,14:10:42,0,90.47,0.0,Too high Temp
2022-07-08,14:10:43,0,90.47,0.01,Too high Temp
2022-07-08,14:10:43,0,90.47,0.0,-
2022-07-08,14:10:43,0,90.47,0.01,Too high Temp
2022-07-08,14:10:43,0,90.47,0.01,Too high Temp
2022-07-08,14:10:44,0,90.47,0.01,Too high Temp
2022-07-08,14:10:44,0,90.47,0.01,-
2022-07-08,14:10:44,0,90.47,0.01,Too high Temp
2022-07-08,14:10:44,0,90.47,0.01,Too high Temp
2022-07-08,14:10:45,0,90.47,0.01,Too high Temp
2022-07-08,14:10:45,0,90.47,0.01,Too high Temp
2022-07-08,14:10:45,0,90.47,0.01,-
2022-07-08,14:10:45,0,90.47,0.01,Too high Temp
2022-07-08,14:10:45,0,90.47,0.01,Too high Temp
2022-07-08,14:10:46,0,90.47,0.01,Too high Temp
2022-07-08,14:10:46,0,90.47,0.01,-
2022-07-08,14:10:46,0,90.47,0.0,Too high Temp
2022-07-08,14:10:46,0,90.47,0.01,Too high Temp
2022-07-08,14:10:47,0,90.47,0.0,Too high Temp
2022-07-08,14:10:47,0,90.48,0.01,-
2022-07-08,14:10:47,0,90.47,0.0,Too high Temp
2022-07-08,14:10:47,0,90.47,0.01,Too high Temp
2022-07-08,14:10:48,0,90.47,0.01,Too high Temp
2022-07-08,14:10:48,0,90.48,0.01,Too high Temp
2022-07-08,14:10:48,0,90.48,0.01,-
2022-07-08,14:10:48,0,90.47,0.0,Too high Temp
2022-07-08,14:10:48,0,90.47,0.01,Too high Temp
2022-07-08,14:10:49,0,90.47,0.01,Too high Temp
2022-07-08,14:10:49,0,90.48,0.01,-
2022-07-08,14:10:49,0,90.47,0.01,Too high Temp
2022-07-08,14:10:49,0,90.47,0.01,Too high Temp
2022-07-08,14:10:50,0,90.47,0.01,Too high Temp
2022-07-08,14:10:50,0,90.47,0.01,Too high Temp
2022-07-08,14:10:50,0,90.47,0.01,-
2022-07-08,14:10:50,0,90.47,0.01,Too high Temp
2022-07-08,14:10:51,0,90.47,0.0,Too high Temp
2022-07-08,14:10:51,0,90.48,0.0,Too high Temp
2022-07-08,14:10:51,0,90.48,0.01,-
2022-07-08,14:10:51,0,90.47,0.01,Too high Temp
2022-07-08,14:10:51,0,90.47,0.01,Too high Temp
2022-07-08,14:10:52,0,90.47,0.01,Too high Temp
2022-07-08,14:10:52,0,90.47,0.01,Too high Temp
2022-07-08,14:10:52,0,90.47,0.01,-
2022-07-08,14:10:52,0,90.47,0.01,Too high Temp
2022-07-08,14:10:53,0,90.47,0.01,Too high Temp
2022-07-08,14:10:53,0,90.47,0.01,Too high Temp
2022-07-08,14:10:53,0,90.47,0.01,-
2022-07-08,14:10:53,0,90.47,0.01,Too high Temp
2022-07-08,14:10:54,0,90.47,0.01,Too high Temp
2022-07-08,14:10:54,0,90.47,0.01,Too high Temp
2022-07-08,14:10:54,0,90.48,0.0,-
2022-07-08,14:10:54,0,90.47,0.01,Too high Temp
2022-07-08,14:10:54,0,90.47,0.01,Too high Temp
2022-07-08,14:10:55,0,90.47,0.01,Too high Temp
2022-07-08,14:10:55,0,90.47,0.01,Too high Temp
2022-07-08,14:10:55,0,90.48,0.01,-
2022-07-08,14:10:55,0,90.47,0.01,Too high Temp
2022-07-08,14:10:56,0,90.47,0.01,Too high Temp
2022-07-08,14:10:56,0,90.47,0.01,Too high Temp
2022-07-08,14:10:56,0,90.47,0.01,-
2022-07-08,14:10:56,0,90.47,0.01,Too high Temp
2022-07-08,14:10:57,0,90.47,0.01,Too high Temp
2022-07-08,14:10:57,0,90.47,0.01,Too high Temp
2022-07-08,14:10:57,0,90.47,0.01,Too high Temp
2022-07-08,14:10:57,0,90.47,0.01,-
2022-07-08,14:10:57,0,90.47,0.01,Too high Temp
2022-07-08,14:10:58,0,90.47,0.01,Too high Temp
2022-07-08,14:10:58,0,90.48,0.01,Too high Temp
2022-07-08,14:10:58,0,90.47,0.0,-
2022-07-08,14:10:58,0,90.47,0.01,Too high Temp
2022-07-08,14:10:59,0,90.47,0.01,Too high Temp
2022-07-08,14:10:59,0,90.47,0.01,Too high Temp
2022-07-08,14:10:59,0,90.47,0.0,-
2022-07-08,14:10:59,0,90.47,0.01,Too high Temp
2022-07-08,14:11:00,0,90.47,0.01,Too high Temp
2022-07-08,14:11:00,0,90.47,0.01,Too high Temp
2022-07-08,14:11:00,0,90.47,0.01,Too high Temp
2022-07-08,14:11:00,0,90.48,0.0,-
2022-07-08,14:11:00,0,90.47,0.0,Too high Temp
2022-07-08,14:11:01,0,90.47,0.01,Too high Temp
2022-07-08,14:11:01,0,90.47,0.01,Too high Temp
2022-07-08,14:11:01,0,90.47,0.0,-
2022-07-08,14:11:01,0,90.47,0.0,Too high Temp
2022-07-08,14:11:02,0,90.47,0.0,Too high Temp
2022-07-08,14:11:02,0,90.47,0.01,Too high Temp
2022-07-08,14:11:02,0,90.47,0.01,Too high Temp
2022-07-08,14:11:02,0,90.47,0.01,-
2022-07-08,14:11:03,0,90.47,0.01,Too high Temp
2022-07-08,14:11:03,0,90.47,0.0,Too high Temp
2022-07-08,14:11:03,0,90.47,0.0,Too high Temp
2022-07-08,14:11:03,0,90.47,0.01,-
2022-07-08,14:11:03,0,90.47,0.0,Too high Temp
2022-07-08,14:11:04,0,90.47,0.0,Too high Temp
2022-07-08,14:11:04,0,90.47,0.01,Too high Temp
2022-07-08,14:11:04,0,90.47,0.01,Too high Temp
2022-07-08,14:11:04,0,90.47,0.01,-
2022-07-08,14:11:05,0,90.47,0.0,Too high Temp
2022-07-08,14:11:05,0,90.47,0.0,Too high Temp
2022-07-08,14:11:05,0,90.48,0.01,Too high Temp
2022-07-08,14:11:05,0,90.48,0.0,-
2022-07-08,14:11:06,0,90.47,0.0,Too high Temp
2022-07-08,14:11:06,0,90.47,0.0,Too high Temp
2022-07-08,14:11:06,0,90.47,0.0,Too high Temp
2022-07-08,14:11:06,0,90.47,0.01,-
2022-07-08,14:11:06,0,90.47,0.0,Too high Temp
2022-07-08,14:11:07,0,90.47,0.0,Too high Temp
2022-07-08,14:11:07,0,90.48,0.0,Too high Temp
2022-07-08,14:11:07,0,90.47,0.01,Too high Temp
2022-07-08,14:11:07,0,90.47,0.0,-
2022-07-08,14:11:08,0,90.47,0.01,Too high Temp
2022-07-08,14:11:08,0,90.48,0.0,Too high Temp
2022-07-08,14:11:08,0,90.48,0.0,Too high Temp
2022-07-08,14:11:08,0,90.47,0.01,-
2022-07-08,14:11:09,0,90.47,0.01,Too high Temp
2022-07-08,14:11:09,0,90.47,0.0,Too high Temp
2022-07-08,14:11:09,0,90.47,0.0,Too high Temp
2022-07-08,14:11:09,0,90.47,0.0,Too high Temp
2022-07-08,14:11:09,0,90.47,0.0,-
2022-07-08,14:11:10,0,90.47,0.0,Too high Temp
2022-07-08,14:11:10,0,90.47,0.0,Too high Temp
2022-07-08,14:11:10,0,90.47,0.0,Too high Temp
2022-07-08,14:11:10,0,90.47,0.0,-
2022-07-08,14:11:11,0,90.47,0.0,Too high Temp
2022-07-08,14:11:11,0,90.48,0.0,Too high Temp
2022-07-08,14:11:11,0,90.47,0.0,Too high Temp
2022-07-08,14:11:11,0,90.47,0.01,-
2022-07-08,14:11:12,0,90.47,0.0,Too high Temp
2022-07-08,14:11:12,0,90.47,0.0,Too high Temp
2022-07-08,14:11:12,0,90.48,0.0,Too high Temp
2022-07-08,14:11:12,0,90.48,0.0,Too high Temp
2022-07-08,14:11:12,0,90.47,0.01,-
2022-07-08,14:11:13,0,90.48,0.0,Too high Temp
2022-07-08,14:11:13,0,90.48,0.0,Too high Temp
2022-07-08,14:11:13,0,90.47,0.0,Too high Temp
2022-07-08,14:11:14,0,90.47,0.01,-
2022-07-08,14:11:14,0,90.47,0.0,Too high Temp
2022-07-08,14:11:14,0,90.48,0.0,Too high Temp
2022-07-08,14:11:14,0,90.48,0.0,Too high Temp
2022-07-08,14:11:15,0,90.48,0.0,Too high Temp
2022-07-08,14:11:15,0,90.48,0.0,-
2022-07-08,14:11:15,0,90.48,0.0,Too high Temp
2022-07-08,14:11:15,0,90.47,0.0,Too high Temp
2022-07-08,14:11:15,0,90.47,0.0,Too high Temp
2022-07-08,14:11:16,0,90.47,0.01,-
2022-07-08,14:11:16,0,90.48,0.0,Too high Temp
2022-07-08,14:11:16,0,90.48,0.0,Too high Temp
2022-07-08,14:11:16,0,90.47,0.01,Too high Temp
2022-07-08,14:11:17,0,90.48,0.0,Too high Temp
2022-07-08,14:11:17,0,90.48,0.0,-
2022-07-08,14:11:17,0,90.48,0.0,Too high Temp
2022-07-08,14:11:17,0,90.48,0.0,Too high Temp
2022-07-08,14:11:18,0,90.48,0.0,Too high Temp
2022-07-08,14:11:18,0,90.48,0.0,-
2022-07-08,14:11:18,0,90.48,0.0,Too high Temp
2022-07-08,14:11:18,0,90.48,0.0,Too high Temp
2022-07-08,14:11:18,0,90.48,0.0,Too high Temp
2022-07-08,14:11:19,0,90.47,0.01,-
2022-07-08,14:11:19,0,90.48,0.0,Too high Temp
2022-07-08,14:11:19,0,90.48,0.0,Too high Temp
2022-07-08,14:11:19,0,90.48,0.0,Too high Temp
2022-07-08,14:11:20,0,90.47,0.0,Too high Temp
2022-07-08,14:11:20,0,90.47,0.0,-
2022-07-08,14:11:20,0,90.48,0.01,Too high Temp
2022-07-08,14:11:20,0,90.47,0.0,Too high Temp
2022-07-08,14:11:21,0,90.48,0.01,Too high Temp
2022-07-08,14:11:21,0,90.47,0.01,-
2022-07-08,14:11:21,0,90.48,0.01,Too high Temp
2022-07-08,14:11:21,0,90.48,0.0,Too high Temp
2022-07-08,14:11:21,0,90.48,0.0,Too high Temp
2022-07-08,14:11:22,0,90.48,0.0,Too high Temp
2022-07-08,14:11:22,0,90.47,0.01,-
2022-07-08,14:11:22,0,90.48,0.01,Too high Temp
2022-07-08,14:11:22,0,90.47,0.01,Too high Temp
2022-07-08,14:11:23,0,90.48,0.01,Too high Temp
2022-07-08,14:11:23,0,90.48,0.01,-
2022-07-08,14:11:23,0,90.47,0.01,Too high Temp
2022-07-08,14:11:23,0,90.48,0.0,Too high Temp
2022-07-08,14:11:24,0,90.47,0.0,Too high Temp
2022-07-08,14:11:24,0,90.48,0.0,Too high Temp
2022-07-08,14:11:24,0,90.48,0.0,-
2022-07-08,14:11:24,0,90.47,0.01,Too high Temp
2022-07-08,14:11:24,0,90.47,0.0,Too high Temp
2022-07-08,14:11:25,0,90.48,0.0,Too high Temp
2022-07-08,14:11:25,0,90.48,0.0,-
2022-07-08,14:11:25,0,90.48,0.0,Too high Temp
2022-07-08,14:11:25,0,90.47,0.0,Too high Temp
2022-07-08,14:11:26,0,90.47,0.0,Too high Temp
2022-07-08,14:11:26,0,90.47,0.0,Too high Temp
2022-07-08,14:11:26,0,90.47,0.0,-
2022-07-08,14:11:26,0,90.48,0.0,Too high Temp
2022-07-08,14:11:27,0,90.48,0.0,Too high Temp
2022-07-08,14:11:27,0,90.47,0.0,Too high Temp
2022-07-08,14:11:27,0,90.47,0.0,-
2022-07-08,14:11:27,0,90.48,0.0,Too high Temp
2022-07-08,14:11:27,0,90.47,0.0,Too high Temp
2022-07-08,14:11:28,0,90.48,0.0,Too high Temp
2022-07-08,14:11:28,0,90.47,0.0,-
2022-07-08,14:11:28,0,90.48,0.01,Too high Temp
2022-07-08,14:11:28,0,90.47,0.0,Too high Temp
2022-07-08,14:11:29,0,90.47,0.01,Too high Temp
2022-07-08,14:11:29,0,90.47,0.01,Too high Temp
2022-07-08,14:11:29,0,90.47,0.0,-
2022-07-08,14:11:29,0,90.48,0.0,Too high Temp
2022-07-08,14:11:30,0,90.47,0.01,Too high Temp
2022-07-08,14:11:30,0,90.47,0.0,Too high Temp
2022-07-08,14:11:30,0,90.47,0.0,-
2022-07-08,14:11:30,0,90.47,0.0,Too high Temp
2022-07-08,14:11:30,0,90.47,0.01,Too high Temp
2022-07-08,14:11:31,0,90.47,0.0,Too high Temp
2022-07-08,14:11:31,0,90.47,0.0,Too high Temp
2022-07-08,14:11:31,0,90.47,0.0,-
2022-07-08,14:11:31,0,90.47,0.0,Too high Temp
2022-07-08,14:11:32,0,90.47,0.01,Too high Temp
2022-07-08,14:11:32,0,90.47,0.0,Too high Temp
2022-07-08,14:11:32,0,90.47,0.01,-
2022-07-08,14:11:32,0,90.48,0.01,Too high Temp
2022-07-08,14:11:33,0,90.47,0.01,Too high Temp
2022-07-08,14:11:33,0,90.47,0.0,Too high Temp
2022-07-08,14:11:33,0,90.47,0.01,Too high Temp
2022-07-08,14:11:33,0,90.47,0.01,-
2022-07-08,14:11:33,0,90.47,0.01,Too high Temp
2022-07-08,14:11:34,0,90.47,0.01,Too high Temp
2022-07-08,14:11:34,0,90.47,0.0,Too high Temp
2022-07-08,14:11:34,0,90.47,0.0,-
2022-07-08,14:11:34,0,90.47,0.01,Too high Temp
2022-07-08,14:11:35,0,90.47,0.0,Too high Temp
2022-07-08,14:11:35,0,90.47,0.0,Too high Temp
2022-07-08,14:11:35,0,90.48,0.01,-
2022-07-08,14:11:35,0,90.48,0.0,Too high Temp
2022-07-08,14:15:05,0,90.47,0.14,Too high Temp
2022-07-08,14:15:05,0,90.47,0.14,-
2022-07-08,14:15:07,0,90.48,0.0,Too high Temp
2022-07-08,14:15:07,0,90.47,0.01,Too high Temp
2022-07-08,14:15:07,0,90.47,0.0,Too high Temp
2022-07-08,14:15:07,0,90.48,0.0,-
2022-07-08,14:15:08,0,90.48,0.01,Too high Temp
2022-07-08,14:15:08,0,90.48,0.0,Too high Temp
2022-07-08,14:15:08,0,90.47,0.01,Too high Temp
2022-07-08,14:15:08,0,90.48,0.0,Too high Temp
2022-07-08,14:15:08,0,90.48,0.0,-
2022-07-08,14:15:09,0,90.47,0.0,Too high Temp
2022-07-08,14:15:09,0,90.47,0.01,Too high Temp
2022-07-08,14:15:09,0,90.47,0.0,Too high Temp
2022-07-08,14:15:09,0,90.47,0.01,-
2022-07-08,14:15:10,0,90.47,0.0,Too high Temp
2022-07-08,14:15:10,0,90.47,0.0,Too high Temp
2022-07-08,14:15:10,0,90.47,0.0,Too high Temp
2022-07-08,14:15:11,0,90.47,0.01,-
2022-07-08,14:15:11,0,90.48,0.0,Too high Temp
2022-07-08,14:15:11,0,90.47,0.0,Too high Temp
2022-07-08,14:15:11,0,90.47,0.01,Too high Temp
2022-07-08,14:15:11,0,90.47,0.0,Too high Temp
2022-07-08,14:15:12,0,90.47,0.01,-
2022-07-08,14:15:12,0,90.47,0.01,Too high Temp
2022-07-08,14:15:12,0,90.48,0.0,Too high Temp
2022-07-08,14:15:12,0,90.47,0.0,Too high Temp
2022-07-08,14:15:13,0,90.47,0.0,-
2022-07-08,14:15:13,0,90.48,0.0,Too high Temp
2022-07-08,14:15:13,0,90.47,0.01,Too high Temp
2022-07-08,14:15:13,0,90.47,0.01,Too high Temp
2022-07-08,14:15:14,0,90.48,0.0,Too high Temp
2022-07-08,14:15:14,0,90.48,0.0,-
2022-07-08,14:15:14,0,90.48,0.0,Too high Temp
2022-07-08,14:15:14,0,90.48,0.0,Too high Temp
2022-07-08,14:15:14,0,90.47,0.0,Too high Temp
2022-07-08,14:15:15,0,90.47,0.01,-
2022-07-08,14:15:15,0,90.48,0.0,Too high Temp
2022-07-08,14:15:15,0,90.47,0.03,Too high Temp
2022-07-08,14:15:15,0,90.48,0.0,Too high Temp
2022-07-08,14:15:16,0,90.47,0.01,-
2022-07-08,14:15:16,0,90.47,0.0,Too high Temp
2022-07-08,14:15:16,0,90.48,0.0,Too high Temp
2022-07-08,14:15:16,0,90.47,0.01,Too high Temp
2022-07-08,14:15:17,0,90.47,0.01,Too high Temp
2022-07-08,14:15:17,0,90.47,0.0,-
2022-07-08,14:15:17,0,90.48,0.02,Too high Temp
2022-07-08,14:15:17,0,90.48,0.02,Too high Temp
2022-07-08,14:15:17,0,90.47,0.01,Too high Temp
2022-07-08,14:15:18,0,90.47,0.02,-
2022-07-08,14:15:18,0,90.47,0.01,Too high Temp
2022-07-08,14:15:18,0,90.48,0.03,Too high Temp
2022-07-08,14:15:18,0,90.47,0.01,Too high Temp
2022-07-08,14:15:19,0,90.47,0.02,Too high Temp
2022-07-08,14:15:19,0,90.47,0.02,-
2022-07-08,14:15:19,0,90.47,0.01,Too high Temp
2022-07-08,14:15:19,0,90.47,0.01,Too high Temp
2022-07-08,14:15:20,0,90.47,0.02,Too high Temp
2022-07-08,14:15:20,0,90.47,0.11,-
2022-07-08,14:15:20,0,90.47,0.07,Too high Temp
2022-07-08,14:15:20,0,90.48,0.03,Too high Temp
2022-07-08,14:15:20,0,90.47,0.03,Too high Temp
2022-07-08,14:15:21,0,90.47,0.02,Too high Temp
2022-07-08,14:15:21,0,90.47,0.02,-
2022-07-08,14:15:21,0,90.47,0.02,Too high Temp
2022-07-08,14:15:21,0,90.48,0.04,Too high Temp
2022-07-08,14:15:22,0,90.47,0.01,Too high Temp
2022-07-08,14:15:22,0,90.48,0.01,-
2022-07-08,14:15:22,0,90.48,0.01,Too high Temp
2022-07-08,14:15:22,0,90.48,0.02,Too high Temp
2022-07-08,14:15:23,0,90.47,0.0,Too high Temp
2022-07-08,14:15:23,0,90.47,0.0,Too high Temp
2022-07-08,14:15:23,0,90.47,0.0,-
2022-07-08,14:15:23,0,90.48,0.01,Too high Temp
2022-07-08,14:15:23,0,90.47,0.07,Too high Temp
2022-07-08,14:15:24,0,90.48,0.01,Too high Temp
2022-07-08,14:15:24,0,90.48,0.01,-
2022-07-08,14:15:24,0,90.48,0.01,Too high Temp
2022-07-08,14:15:24,0,90.48,0.01,Too high Temp
2022-07-08,14:15:25,0,90.48,0.0,Too high Temp
2022-07-08,14:15:25,0,90.47,0.01,-
2022-07-08,14:15:25,0,90.48,0.0,Too high Temp
2022-07-08,14:15:25,0,90.48,0.0,Too high Temp
2022-07-08,14:15:26,0,90.48,0.0,Too high Temp
2022-07-08,14:15:26,0,90.48,0.0,Too high Temp
2022-07-08,14:15:26,0,90.48,0.0,-
2022-07-08,14:15:26,0,90.48,0.0,Too high Temp
2022-07-08,14:15:26,0,90.48,0.0,Too high Temp
2022-07-08,14:15:27,0,90.48,0.01,Too high Temp
2022-07-08,14:15:27,0,90.48,0.01,-
2022-07-08,14:15:27,0,90.48,0.0,Too high Temp
2022-07-08,14:15:27,0,90.48,0.0,Too high Temp
2022-07-08,14:15:28,0,90.48,0.0,Too high Temp
2022-07-08,14:15:28,0,90.48,0.0,Too high Temp
2022-07-08,14:15:28,0,90.48,0.0,-
2022-07-08,14:15:28,0,90.48,0.01,Too high Temp
2022-07-08,14:15:29,0,90.48,0.0,Too high Temp
2022-07-08,14:15:29,0,90.48,0.01,Too high Temp
2022-07-08,14:15:29,0,90.48,0.0,-
2022-07-08,14:15:29,0,90.48,0.01,Too high Temp
2022-07-08,14:15:29,0,90.47,0.0,Too high Temp
2022-07-08,14:15:30,0,90.48,0.0,Too high Temp
2022-07-08,14:15:30,0,90.47,0.0,Too high Temp
2022-07-08,14:15:30,0,90.47,0.0,-
2022-07-08,14:15:30,0,90.48,0.0,Too high Temp
2022-07-08,14:15:31,0,90.48,0.0,Too high Temp
2022-07-08,14:15:31,0,90.48,0.01,Too high Temp
2022-07-08,14:15:31,0,90.47,0.01,-
2022-07-08,14:15:31,0,90.48,0.01,Too high Temp
2022-07-08,14:15:32,0,90.48,0.01,Too high Temp
2022-07-08,14:15:32,0,90.48,0.01,Too high Temp
2022-07-08,14:15:32,0,90.48,0.0,-
2022-07-08,14:15:32,0,90.48,0.0,Too high Temp
2022-07-08,14:15:32,0,90.48,0.01,Too high Temp
2022-07-08,14:15:33,0,90.48,0.01,Too high Temp
2022-07-08,14:15:33,0,90.47,0.01,Too high Temp
2022-07-08,14:15:33,0,90.48,0.0,-
2022-07-08,14:15:33,0,90.48,0.0,Too high Temp
2022-07-08,14:15:34,0,90.47,0.01,Too high Temp
2022-07-08,14:15:34,0,90.47,0.0,Too high Temp
2022-07-08,14:15:34,0,90.48,0.01,-
2022-07-08,14:15:34,0,90.48,0.01,Too high Temp
2022-07-08,14:15:35,0,90.47,0.0,Too high Temp
2022-07-08,14:15:35,0,90.48,0.0,Too high Temp
2022-07-08,14:15:35,0,90.48,0.0,Too high Temp
2022-07-08,14:15:35,0,90.48,0.0,-
2022-07-08,14:15:35,0,90.48,0.0,Too high Temp
2022-07-08,14:15:36,0,90.48,0.0,Too high Temp
2022-07-08,14:15:36,0,90.47,0.0,Too high Temp
2022-07-08,14:15:36,0,90.47,0.01,-
2022-07-08,14:15:36,0,90.48,0.0,Too high Temp
2022-07-08,14:15:37,0,90.48,0.0,Too high Temp
2022-07-08,14:15:37,0,90.48,0.0,Too high Temp
2022-07-08,14:15:37,0,90.48,0.01,-
2022-07-08,14:15:37,0,90.48,0.0,Too high Temp
2022-07-08,14:15:38,0,90.47,0.0,Too high Temp
2022-07-08,14:15:38,0,90.48,0.01,Too high Temp
2022-07-08,14:15:38,0,90.47,0.0,Too high Temp
2022-07-08,14:15:38,0,90.47,0.0,-
2022-07-08,14:15:38,0,90.48,0.0,Too high Temp
2022-07-08,14:15:39,0,90.48,0.0,Too high Temp
2022-07-08,14:15:39,0,90.47,0.0,Too high Temp
2022-07-08,14:15:39,0,90.48,0.01,-
2022-07-08,14:15:39,0,90.48,0.0,Too high Temp
2022-07-08,14:15:40,0,90.47,0.0,Too high Temp
2022-07-08,14:15:40,0,90.48,0.0,Too high Temp
2022-07-08,14:15:40,0,90.48,0.01,Too high Temp
2022-07-08,14:15:40,0,90.48,0.01,-
2022-07-08,14:15:41,0,90.48,0.0,Too high Temp
2022-07-08,14:15:41,0,90.48,0.0,Too high Temp
2022-07-08,14:15:41,0,90.48,0.0,Too high Temp
2022-07-08,14:15:41,0,90.47,0.01,-
2022-07-08,14:15:41,0,90.48,0.0,Too high Temp
2022-07-08,14:15:42,0,90.48,0.0,Too high Temp
2022-07-08,14:15:42,0,90.48,0.0,Too high Temp
2022-07-08,14:15:42,0,90.47,0.01,-
2022-07-08,14:15:42,0,90.48,0.01,Too high Temp
2022-07-08,14:15:43,0,90.48,0.0,Too high Temp
2022-07-08,14:15:43,0,90.48,0.01,Too high Temp
2022-07-08,14:15:43,0,90.47,0.01,Too high Temp
2022-07-08,14:15:43,0,90.48,0.0,-
2022-07-08,14:15:44,0,90.48,0.0,Too high Temp
2022-07-08,14:15:44,0,90.48,0.0,Too high Temp
2022-07-08,14:15:44,0,90.48,0.0,Too high Temp
2022-07-08,14:15:44,0,90.48,0.01,-
2022-07-08,14:15:44,0,90.48,0.0,Too high Temp
2022-07-08,14:15:45,0,90.48,0.02,Too high Temp
2022-07-08,14:15:45,0,90.48,0.0,Too high Temp
2022-07-08,14:15:45,0,90.48,0.0,Too high Temp
2022-07-08,14:15:45,0,90.48,0.0,-
2022-07-08,14:15:46,0,90.48,0.01,Too high Temp
2022-07-08,14:15:46,0,90.48,0.01,Too high Temp
2022-07-08,14:15:46,0,90.48,0.01,Too high Temp
2022-07-08,14:15:46,0,90.47,0.0,-
2022-07-08,14:15:47,0,90.48,0.0,Too high Temp
2022-07-08,14:15:47,0,90.48,0.01,Too high Temp
2022-07-08,14:15:47,0,90.48,0.01,Too high Temp
2022-07-08,14:15:47,0,90.48,0.01,Too high Temp
2022-07-08,14:15:47,0,90.48,0.01,-
2022-07-08,14:15:48,0,90.47,0.0,Too high Temp
2022-07-08,14:15:48,0,90.48,0.0,Too high Temp
2022-07-08,14:15:48,0,90.47,0.0,Too high Temp
2022-07-08,14:15:48,0,90.47,0.01,-
2022-07-08,14:15:49,0,90.48,0.0,Too high Temp
2022-07-08,14:15:49,0,90.48,0.01,Too high Temp
2022-07-08,14:15:49,0,90.47,0.0,Too high Temp
2022-07-08,14:15:50,0,90.48,0.01,-
2022-07-08,14:15:50,0,90.48,0.0,Too high Temp
2022-07-08,14:15:50,0,90.48,0.01,Too high Temp
2022-07-08,14:15:50,0,90.48,0.0,Too high Temp
2022-07-08,14:15:50,0,90.48,0.0,Too high Temp
2022-07-08,14:15:51,0,90.48,0.0,-
2022-07-08,14:15:51,0,90.48,0.01,Too high Temp
2022-07-08,14:15:51,0,90.48,0.0,Too high Temp
2022-07-08,14:15:51,0,90.48,0.0,Too high Temp
2022-07-08,14:15:52,0,90.48,0.01,-
2022-07-08,14:15:52,0,90.47,0.01,Too high Temp
2022-07-08,14:15:52,0,90.48,0.0,Too high Temp
2022-07-08,14:15:52,0,90.48,0.0,Too high Temp
2022-07-08,14:15:53,0,90.48,0.02,Too high Temp
2022-07-08,14:15:53,0,90.48,0.02,-
2022-07-08,14:15:53,0,90.48,0.0,Too high Temp
2022-07-08,14:15:53,0,90.47,0.0,Too high Temp
2022-07-08,14:15:53,0,90.48,0.01,Too high Temp
2022-07-08,14:15:54,0,90.48,0.01,-
2022-07-08,14:15:54,0,90.48,0.0,Too high Temp
2022-07-08,14:15:54,0,90.48,0.01,Too high Temp
2022-07-08,14:15:54,0,90.48,0.0,Too high Temp
2022-07-08,14:15:55,0,90.48,0.0,Too high Temp
2022-07-08,14:15:55,0,90.48,0.0,-
2022-07-08,14:15:55,0,90.48,0.01,Too high Temp
2022-07-08,14:15:55,0,90.48,0.0,Too high Temp
2022-07-08,14:15:56,0,90.48,0.0,Too high Temp
2022-07-08,14:15:56,0,90.47,0.01,-
2022-07-08,14:15:56,0,90.48,0.0,Too high Temp
2022-07-08,14:15:56,0,90.48,0.01,Too high Temp
2022-07-08,14:15:56,0,90.48,0.01,Too high Temp
2022-07-08,14:15:57,0,90.48,0.01,-
2022-07-08,14:15:57,0,90.48,0.0,Too high Temp
2022-07-08,14:15:57,0,90.48,0.01,Too high Temp
2022-07-08,14:15:57,0,90.48,0.0,Too high Temp
2022-07-08,14:15:58,0,90.48,0.01,Too high Temp
2022-07-08,14:15:58,0,90.47,0.0,-
2022-07-08,14:15:58,0,90.47,0.01,Too high Temp
2022-07-08,14:15:58,0,90.48,0.01,Too high Temp
2022-07-08,14:15:59,0,90.48,0.01,Too high Temp
2022-07-08,14:15:59,0,90.47,0.01,-
2022-07-08,14:15:59,0,90.48,0.01,Too high Temp
2022-07-08,14:15:59,0,90.48,0.0,Too high Temp
2022-07-08,14:15:59,0,90.48,0.0,Too high Temp
2022-07-08,14:16:00,0,90.48,0.0,Too high Temp
2022-07-08,14:16:00,0,90.47,0.01,-
2022-07-08,14:16:00,0,90.48,0.0,Too high Temp
2022-07-08,14:16:00,0,90.48,0.01,Too high Temp
2022-07-08,14:16:01,0,90.48,0.01,Too high Temp
2022-07-08,14:16:01,0,90.48,0.0,Too high Temp
2022-07-08,14:16:01,0,90.48,0.0,-
2022-07-08,14:16:01,0,90.48,0.0,Too high Temp
2022-07-08,14:16:02,0,90.48,0.01,Too high Temp
2022-07-08,14:16:02,0,90.47,0.01,Too high Temp
2022-07-08,14:16:02,0,90.47,0.01,-
2022-07-08,14:16:02,0,90.48,0.01,Too high Temp
2022-07-08,14:16:03,0,90.47,0.01,Too high Temp
2022-07-08,14:16:03,0,90.48,0.01,Too high Temp
2022-07-08,14:16:03,0,90.48,0.0,Too high Temp
2022-07-08,14:16:03,0,90.48,0.0,-
2022-07-08,14:16:03,0,90.48,0.0,Too high Temp
2022-07-08,14:16:04,0,90.48,0.0,Too high Temp
2022-07-08,14:16:04,0,90.48,0.01,Too high Temp
2022-07-08,14:16:04,0,90.47,0.01,-
2022-07-08,14:16:04,0,90.48,0.0,Too high Temp
2022-07-08,14:16:05,0,90.48,0.0,Too high Temp
2022-07-08,14:16:05,0,90.48,0.0,Too high Temp
2022-07-08,14:16:05,0,90.48,0.01,-
2022-07-08,14:16:05,0,90.48,0.01,Too high Temp
2022-07-08,14:16:05,0,90.48,0.0,Too high Temp
2022-07-08,14:16:06,0,90.48,0.01,Too high Temp
2022-07-08,14:16:06,0,90.48,0.01,Too high Temp
2022-07-08,14:16:06,0,90.48,0.01,-
2022-07-08,14:16:06,0,90.47,0.01,Too high Temp
2022-07-08,14:16:07,0,90.48,0.01,Too high Temp
2022-07-08,14:16:07,0,90.48,0.01,Too high Temp
2022-07-08,14:16:07,0,90.48,0.01,-
2022-07-08,14:16:07,0,90.48,0.01,Too high Temp
2022-07-08,14:16:08,0,90.48,0.01,Too high Temp
2022-07-08,14:16:08,0,90.47,0.0,Too high Temp
2022-07-08,14:16:08,0,90.48,0.01,Too high Temp
2022-07-08,14:16:08,0,90.48,0.01,-
2022-07-08,14:16:08,0,90.48,0.0,Too high Temp
2022-07-08,14:16:09,0,90.48,0.01,Too high Temp
2022-07-08,14:16:09,0,90.48,0.0,Too high Temp
2022-07-08,14:16:09,0,90.48,0.01,-
2022-07-08,14:16:09,0,90.48,0.01,Too high Temp
2022-07-08,14:16:10,0,90.48,0.01,Too high Temp
2022-07-08,14:16:10,0,90.48,0.01,Too high Temp
2022-07-08,14:16:10,0,90.48,0.0,Too high Temp
2022-07-08,14:16:10,0,90.48,0.0,-
2022-07-08,14:16:11,0,90.48,0.0,Too high Temp
2022-07-08,14:16:11,0,90.47,0.0,Too high Temp
2022-07-08,14:16:11,0,90.48,0.01,Too high Temp
2022-07-08,14:16:11,0,90.48,0.0,-
2022-07-08,14:16:11,0,90.48,0.0,Too high Temp
2022-07-08,14:16:12,0,90.48,0.0,Too high Temp
2022-07-08,14:16:12,0,90.48,0.01,Too high Temp
2022-07-08,14:16:12,0,90.48,0.01,-
2022-07-08,14:16:12,0,90.48,0.01,Too high Temp
2022-07-08,14:16:13,0,90.48,0.0,Too high Temp
2022-07-08,14:16:13,0,90.48,0.01,Too high Temp
2022-07-08,14:16:13,0,90.48,0.01,Too high Temp
2022-07-08,14:16:13,0,90.48,0.0,-
2022-07-08,14:16:14,0,90.48,0.01,Too high Temp
2022-07-08,14:16:14,0,90.48,0.0,Too high Temp
2022-07-08,14:16:14,0,90.48,0.01,Too high Temp
2022-07-08,14:16:14,0,90.48,0.0,-
2022-07-08,14:16:14,0,90.48,0.01,Too high Temp
2022-07-08,14:16:15,0,90.47,0.01,Too high Temp
2022-07-08,14:16:15,0,90.48,0.01,Too high Temp
2022-07-08,14:16:15,0,90.47,0.01,Too high Temp
2022-07-08,14:16:15,0,90.47,0.01,-
2022-07-08,14:16:16,0,90.48,0.0,Too high Temp
2022-07-08,14:16:16,0,90.48,0.0,Too high Temp
2022-07-08,14:16:16,0,90.48,0.01,Too high Temp
2022-07-08,14:16:16,0,90.48,0.0,-
2022-07-08,14:16:17,0,90.48,0.01,Too high Temp
2022-07-08,14:16:17,0,90.48,0.01,Too high Temp
2022-07-08,14:16:17,0,90.47,0.01,Too high Temp
2022-07-08,14:16:17,0,90.48,0.02,-
2022-07-08,14:16:17,0,90.48,0.0,Too high Temp
2022-07-08,14:16:18,0,90.48,0.0,Too high Temp
2022-07-08,14:16:18,0,90.48,0.0,Too high Temp
2022-07-08,14:16:18,0,90.48,0.01,Too high Temp
2022-07-08,14:16:18,0,90.48,0.01,-
2022-07-08,14:16:19,0,90.47,0.01,Too high Temp
2022-07-08,14:16:42,0,90.49,0.13,Too high Temp
2022-07-08,14:16:42,0,90.49,0.13,-
2022-07-08,14:16:44,0,90.48,0.0,Too high Temp
2022-07-08,14:16:44,0,90.48,0.0,Too high Temp
2022-07-08,14:16:44,0,90.48,0.0,Too high Temp
2022-07-08,14:16:44,0,90.47,0.01,-
2022-07-08,14:16:45,0,90.47,0.0,Too high Temp
2022-07-08,14:16:45,0,90.48,0.01,Too high Temp
2022-07-08,14:16:45,0,90.48,0.01,Too high Temp
2022-07-08,14:16:45,0,90.48,0.01,Too high Temp
2022-07-08,14:16:45,0,90.48,0.01,-
2022-07-08,14:16:46,0,90.48,0.0,Too high Temp
2022-07-08,14:16:46,0,90.48,0.01,Too high Temp
2022-07-08,14:16:46,0,90.48,0.01,Too high Temp
2022-07-08,14:16:46,0,90.48,0.0,-
2022-07-08,14:16:47,0,90.48,0.0,Too high Temp
2022-07-08,14:16:47,0,90.48,0.0,Too high Temp
2022-07-08,14:16:47,0,90.48,0.0,Too high Temp
2022-07-08,14:16:47,0,90.47,0.01,-
2022-07-08,14:16:48,0,90.48,0.01,Too high Temp
2022-07-08,14:16:48,0,90.48,0.0,Too high Temp
2022-07-08,14:16:48,0,90.48,0.01,Too high Temp
2022-07-08,14:16:48,0,90.48,0.01,Too high Temp
2022-07-08,14:16:48,0,90.48,0.01,-
2022-07-08,14:16:49,0,90.48,0.0,Too high Temp
2022-07-08,14:16:49,0,90.48,0.01,Too high Temp
2022-07-08,14:16:49,0,90.48,0.01,Too high Temp
2022-07-08,14:16:50,0,90.48,0.01,-
2022-07-08,14:16:50,0,90.48,0.0,Too high Temp
2022-07-08,14:16:50,0,90.47,0.01,Too high Temp
2022-07-08,14:16:50,0,90.48,0.01,Too high Temp
2022-07-08,14:16:51,0,90.48,0.0,Too high Temp
2022-07-08,14:16:51,0,90.48,0.0,-
2022-07-08,14:16:51,0,90.48,0.0,Too high Temp
2022-07-08,14:16:51,0,90.48,0.0,Too high Temp
2022-07-08,14:16:51,0,90.48,0.0,Too high Temp
2022-07-08,14:16:52,0,90.48,0.01,-
2022-07-08,14:16:52,0,90.48,0.0,Too high Temp
2022-07-08,14:16:52,0,90.48,0.0,Too high Temp
2022-07-08,14:16:52,0,90.48,0.01,Too high Temp
2022-07-08,14:16:53,0,90.48,0.01,-
2022-07-08,14:16:53,0,90.48,0.01,Too high Temp
2022-07-08,14:16:53,0,90.48,0.01,Too high Temp
2022-07-08,14:16:53,0,90.48,0.01,Too high Temp
2022-07-08,14:16:54,0,90.48,0.0,Too high Temp
2022-07-08,14:16:54,0,90.48,0.0,-
2022-07-08,14:16:54,0,90.48,0.01,Too high Temp
2022-07-08,14:16:54,0,90.48,0.0,Too high Temp
2022-07-08,14:16:54,0,90.47,0.01,Too high Temp
2022-07-08,14:16:55,0,90.48,0.0,-
2022-07-08,14:16:55,0,90.48,0.0,Too high Temp
2022-07-08,14:16:55,0,90.48,0.0,Too high Temp
2022-07-08,14:16:55,0,90.48,0.0,Too high Temp
2022-07-08,14:16:56,0,90.48,0.0,Too high Temp
2022-07-08,14:16:56,0,90.48,0.0,-
2022-07-08,14:17:36,0,90.48,0.14,Too high Temp
2022-07-08,14:17:36,0,90.48,0.14,-
2022-07-08,14:17:38,0,90.47,0.0,Too high Temp
2022-07-08,14:17:38,0,90.47,0.01,Too high Temp
2022-07-08,14:17:38,0,90.48,0.01,Too high Temp
2022-07-08,14:17:39,0,90.48,0.01,Too high Temp
2022-07-08,14:17:39,0,90.48,0.0,-
2022-07-08,14:17:39,0,90.47,0.01,Too high Temp
2022-07-08,14:17:39,0,90.47,0.0,Too high Temp
2022-07-08,14:17:39,0,90.48,0.0,Too high Temp
2022-07-08,14:17:40,0,90.48,0.01,-
2022-07-08,14:17:40,0,90.48,0.01,Too high Temp
2022-07-08,14:17:40,0,90.47,0.02,Too high Temp
2022-07-08,14:17:40,0,90.48,0.01,Too high Temp
2022-07-08,14:17:41,0,90.47,0.01,Too high Temp
2022-07-08,14:17:41,0,90.47,0.01,-
2022-07-08,14:17:41,0,90.48,0.01,Too high Temp
2022-07-08,14:17:41,0,90.47,0.01,Too high Temp
2022-07-08,14:17:42,0,90.47,0.01,Too high Temp
2022-07-08,14:17:42,0,90.48,0.0,-
2022-07-08,14:17:42,0,90.48,0.01,Too high Temp
2022-07-08,14:17:42,0,90.48,0.02,Too high Temp
2022-07-08,14:17:42,0,90.48,0.0,Too high Temp
2022-07-08,14:17:43,0,90.48,0.01,-
2022-07-08,14:17:43,0,90.47,0.0,Too high Temp
2022-07-08,14:17:43,0,90.48,0.01,Too high Temp
2022-07-08,14:17:43,0,90.48,0.0,Too high Temp
2022-07-08,14:17:44,0,90.48,0.0,Too high Temp
2022-07-08,14:17:44,0,90.48,0.01,-
2022-07-08,14:17:44,0,90.48,0.0,Too high Temp
2022-07-08,14:17:44,0,90.48,0.01,Too high Temp
2022-07-08,14:17:45,0,90.48,0.0,Too high Temp
2022-07-08,14:17:45,0,90.48,0.0,-
2022-07-08,14:17:45,0,90.47,0.0,Too high Temp
2022-07-08,14:17:45,0,90.48,0.0,Too high Temp
2022-07-08,14:17:45,0,90.48,0.0,Too high Temp
2022-07-08,14:17:46,0,90.48,0.02,-
2022-07-08,14:17:46,0,90.48,0.01,Too high Temp
2022-07-08,14:17:46,0,90.48,0.01,Too high Temp
2022-07-08,14:17:46,0,90.48,0.0,Too high Temp
2022-07-08,14:17:47,0,90.47,0.0,Too high Temp
2022-07-08,14:17:47,0,90.48,0.0,-
2022-07-08,14:17:47,0,90.48,0.0,Too high Temp
2022-07-08,14:17:47,0,90.48,0.01,Too high Temp
2022-07-08,14:17:48,0,90.48,0.01,Too high Temp
2022-07-08,14:17:48,0,90.48,0.0,-
2022-07-08,14:17:48,0,90.48,0.01,Too high Temp
2022-07-08,14:17:48,0,90.48,0.0,Too high Temp
2022-07-08,14:17:48,0,90.47,0.0,Too high Temp
2022-07-08,14:17:49,0,90.47,0.0,Too high Temp
2022-07-08,14:17:49,0,90.48,0.01,-
2022-07-08,14:17:49,0,90.48,0.0,Too high Temp
2022-07-08,14:17:49,0,90.47,0.02,Too high Temp
2022-07-08,14:17:50,0,90.48,0.01,Too high Temp
2022-07-08,14:17:50,0,90.48,0.01,-
2022-07-08,14:17:50,0,90.47,0.01,Too high Temp
2022-07-08,14:17:50,0,90.48,0.0,Too high Temp
2022-07-08,14:17:51,0,90.48,0.01,Too high Temp
2022-07-08,14:17:51,0,90.47,0.0,Too high Temp
2022-07-08,14:17:51,0,90.47,0.0,-
2022-07-08,14:17:51,0,90.48,0.01,Too high Temp
2022-07-08,14:17:51,0,90.48,0.0,Too high Temp
2022-07-08,14:17:52,0,90.48,0.01,Too high Temp
2022-07-08,14:17:52,0,90.48,0.01,-
2022-07-08,14:17:52,0,90.48,0.0,Too high Temp
2022-07-08,14:17:52,0,90.48,0.01,Too high Temp
2022-07-08,14:17:53,0,90.47,0.01,Too high Temp
2022-07-08,14:17:53,0,90.48,0.01,Too high Temp
2022-07-08,14:17:53,0,90.48,0.01,-
2022-07-08,14:17:53,0,90.47,0.0,Too high Temp
2022-07-08,14:17:54,0,90.47,0.01,Too high Temp
2022-07-08,14:17:54,0,90.48,0.01,Too high Temp
2022-07-08,14:17:54,0,90.47,0.01,-
2022-07-08,14:17:54,0,90.48,0.01,Too high Temp
2022-07-08,14:17:54,0,90.47,0.01,Too high Temp
2022-07-08,14:17:55,0,90.48,0.01,Too high Temp
2022-07-08,14:17:55,0,90.47,0.01,Too high Temp
2022-07-08,14:17:55,0,90.47,0.01,-
2022-07-08,14:17:55,0,90.48,0.01,Too high Temp
2022-07-08,14:17:56,0,90.48,0.01,Too high Temp
2022-07-08,14:17:56,0,90.48,0.01,Too high Temp
2022-07-08,14:17:56,0,90.48,0.0,-
2022-07-08,14:17:56,0,90.47,0.0,Too high Temp
2022-07-08,14:17:57,0,90.47,0.02,Too high Temp
2022-07-08,14:17:57,0,90.48,0.01,Too high Temp
2022-07-08,14:17:57,0,90.48,0.01,-
2022-07-08,14:17:57,0,90.48,0.01,Too high Temp
2022-07-08,14:17:57,0,90.48,0.01,Too high Temp
2022-07-08,14:17:58,0,90.47,0.01,Too high Temp
2022-07-08,14:17:58,0,90.48,0.0,Too high Temp
2022-07-08,14:17:58,0,90.48,0.01,-
2022-07-08,14:17:58,0,90.47,0.01,Too high Temp
2022-07-08,14:17:59,0,90.47,0.01,Too high Temp
2022-07-08,14:17:59,0,90.48,0.0,Too high Temp
2022-07-08,14:17:59,0,90.48,0.01,-
2022-07-08,14:17:59,0,90.48,0.01,Too high Temp
2022-07-08,14:18:00,0,90.48,0.01,Too high Temp
2022-07-08,14:18:00,0,90.48,0.0,Too high Temp
2022-07-08,14:18:00,0,90.47,0.01,Too high Temp
2022-07-08,14:18:00,0,90.47,0.01,-
2022-07-08,14:18:00,0,90.48,0.01,Too high Temp
2022-07-08,14:18:01,0,90.48,0.0,Too high Temp
2022-07-08,14:18:01,0,90.48,0.01,Too high Temp
2022-07-08,14:18:01,0,90.48,0.0,-
2022-07-08,14:18:01,0,90.48,0.0,Too high Temp
2022-07-08,14:18:02,0,90.48,0.0,Too high Temp
2022-07-08,14:18:02,0,90.47,0.01,Too high Temp
2022-07-08,14:18:02,0,90.48,0.0,-
2022-07-08,14:18:02,0,90.47,0.0,Too high Temp
2022-07-08,14:18:03,0,90.47,0.01,Too high Temp
2022-07-08,14:18:03,0,90.48,0.0,Too high Temp
2022-07-08,14:18:03,0,90.48,0.01,Too high Temp
2022-07-08,14:18:03,0,90.48,0.01,-
2022-07-08,14:18:03,0,90.48,0.0,Too high Temp
2022-07-08,14:18:04,0,90.47,0.02,Too high Temp
2022-07-08,14:18:04,0,90.48,0.0,Too high Temp
2022-07-08,14:18:04,0,90.48,0.0,-
2022-07-08,14:18:04,0,90.47,0.01,Too high Temp
2022-07-08,14:18:05,0,90.47,0.0,Too high Temp
2022-07-08,14:18:05,0,90.48,0.01,Too high Temp
2022-07-08,14:18:05,0,90.47,0.01,Too high Temp
2022-07-08,14:18:05,0,90.48,0.01,-
2022-07-08,14:18:06,0,90.47,0.01,Too high Temp
2022-07-08,14:18:06,0,90.48,0.0,Too high Temp
2022-07-08,14:18:06,0,90.48,0.0,Too high Temp
2022-07-08,14:18:06,0,90.48,0.0,-
2022-07-08,14:18:06,0,90.47,0.0,Too high Temp
2022-07-08,14:18:07,0,90.48,0.02,Too high Temp
2022-07-08,14:18:07,0,90.48,0.0,Too high Temp
2022-07-08,14:18:07,0,90.48,0.0,-
2022-07-08,14:18:08,0,90.48,0.0,Too high Temp
2022-07-08,14:18:08,0,90.47,0.01,Too high Temp
2022-07-08,14:18:08,0,90.48,0.01,Too high Temp
2022-07-08,14:18:08,0,90.48,0.0,Too high Temp
2022-07-08,14:18:09,0,90.48,0.0,Too high Temp
2022-07-08,14:18:09,0,90.48,0.0,-
2022-07-08,14:18:09,0,90.48,0.01,Too high Temp
2022-07-08,14:18:09,0,90.48,0.0,Too high Temp
2022-07-08,14:18:10,0,90.48,0.01,Too high Temp
2022-07-08,14:18:10,0,90.48,0.01,-
2022-07-08,14:18:10,0,90.48,0.0,Too high Temp
2022-07-08,14:18:10,0,90.47,0.01,Too high Temp
2022-07-08,14:27:46,0,90.48,0.14,Too high Temp
2022-07-08,14:27:46,0,90.48,0.14,-
2022-07-08,14:27:47,0,90.47,0.0,Too high Temp
2022-07-08,14:27:47,0,90.47,0.0,Too high Temp
2022-07-08,14:27:48,0,90.47,0.0,Too high Temp
2022-07-08,14:27:48,0,90.47,0.01,Too high Temp
2022-07-08,14:27:48,0,90.48,0.0,-
2022-07-08,14:27:48,0,90.47,0.01,Too high Temp
2022-07-08,14:27:49,0,90.47,0.01,Too high Temp
2022-07-08,14:27:49,0,90.48,0.0,Too high Temp
2022-07-08,14:27:49,0,90.47,0.01,-
2022-07-08,14:27:49,0,90.47,0.01,Too high Temp
2022-07-08,14:27:50,0,90.47,0.01,Too high Temp
2022-07-08,14:27:50,0,90.48,0.01,Too high Temp
2022-07-08,14:27:50,0,90.47,0.01,Too high Temp
2022-07-08,14:27:50,0,90.47,0.01,-
2022-07-08,14:27:50,0,90.48,0.01,Too high Temp
2022-07-08,14:27:51,0,90.47,0.01,Too high Temp
2022-07-08,14:27:51,0,90.47,0.01,Too high Temp
2022-07-08,14:27:51,0,90.47,0.01,-
2022-07-08,14:27:51,0,90.48,0.01,Too high Temp
2022-07-08,14:27:52,0,90.48,0.01,Too high Temp
2022-07-08,14:27:52,0,90.48,0.01,Too high Temp
2022-07-08,14:27:52,0,90.48,0.0,-
2022-07-08,14:27:52,0,90.48,0.01,Too high Temp
2022-07-08,14:27:53,0,90.48,0.01,Too high Temp
2022-07-08,14:27:53,0,90.48,0.01,Too high Temp
2022-07-08,14:27:53,0,90.48,0.01,Too high Temp
2022-07-08,14:27:53,0,90.48,0.01,-
2022-07-08,14:27:53,0,90.47,0.01,Too high Temp
2022-07-08,14:27:54,0,90.47,0.01,Too high Temp
2022-07-08,14:27:54,0,90.47,0.01,Too high Temp
2022-07-08,14:27:54,0,90.48,0.0,-
2022-07-08,14:27:54,0,90.48,0.01,Too high Temp
2022-07-08,14:27:55,0,90.48,0.01,Too high Temp
2022-07-08,14:27:55,0,90.48,0.0,Too high Temp
2022-07-08,14:27:55,0,90.48,0.01,Too high Temp
2022-07-08,14:27:55,0,90.48,0.01,-
2022-07-08,14:27:56,0,90.47,0.01,Too high Temp
2022-07-08,14:27:56,0,90.48,0.01,Too high Temp
2022-07-08,14:27:56,0,90.48,0.01,Too high Temp
2022-07-08,14:27:56,0,90.48,0.01,-
2022-07-08,14:27:56,0,90.47,0.01,Too high Temp
2022-07-08,14:27:57,0,90.48,0.01,Too high Temp
2022-07-08,14:27:57,0,90.47,0.01,Too high Temp
2022-07-08,14:27:57,0,90.47,0.01,-
2022-07-08,14:27:57,0,90.47,0.01,Too high Temp
2022-07-08,14:27:58,0,90.47,0.01,Too high Temp
2022-07-08,14:27:58,0,90.47,0.01,Too high Temp
2022-07-08,14:27:58,0,90.47,0.01,Too high Temp
2022-07-08,14:27:58,0,90.48,0.0,-
2022-07-08,14:27:59,0,90.47,0.02,Too high Temp
2022-07-08,14:27:59,0,90.48,0.01,Too high Temp
2022-07-08,14:27:59,0,90.47,0.02,Too high Temp
2022-07-08,14:27:59,0,90.48,0.01,-
2022-07-08,14:27:59,0,90.47,0.02,Too high Temp
2022-07-08,14:28:00,0,90.47,0.01,Too high Temp
2022-07-08,14:28:00,0,90.47,0.01,Too high Temp
2022-07-08,14:28:00,0,90.47,0.01,Too high Temp
2022-07-08,14:28:00,0,90.47,0.01,-
2022-07-08,14:28:01,0,90.48,0.01,Too high Temp
2022-07-08,14:28:01,0,90.48,0.01,Too high Temp
2022-07-08,14:28:01,0,90.47,0.01,Too high Temp
2022-07-08,14:28:01,0,90.48,0.0,-
2022-07-08,14:28:02,0,90.48,0.01,Too high Temp
2022-07-08,14:28:02,0,90.47,0.01,Too high Temp
2022-07-08,14:28:02,0,90.48,0.0,Too high Temp
2022-07-08,14:28:02,0,90.48,0.01,-
2022-07-08,14:28:02,0,90.48,0.01,Too high Temp
2022-07-08,14:28:03,0,90.47,0.01,Too high Temp
2022-07-08,14:28:03,0,90.48,0.01,Too high Temp
2022-07-08,14:28:03,0,90.47,0.01,Too high Temp
2022-07-08,14:28:03,0,90.48,0.0,-
2022-07-08,14:28:04,0,90.47,0.01,Too high Temp
2022-07-08,14:28:04,0,90.48,0.01,Too high Temp
2022-07-08,14:28:04,0,90.47,0.01,Too high Temp
2022-07-08,14:28:04,0,90.48,0.0,-
2022-07-08,14:28:05,0,90.47,0.01,Too high Temp
2022-07-08,14:28:05,0,90.47,0.01,Too high Temp
2022-07-08,14:28:05,0,90.47,0.01,Too high Temp
2022-07-08,14:28:05,0,90.48,0.01,Too high Temp
2022-07-08,14:28:05,0,90.48,0.01,-
2022-07-08,14:28:06,0,90.47,0.01,Too high Temp
2022-07-08,14:28:06,0,90.47,0.0,Too high Temp
2022-07-08,14:28:06,0,90.48,0.0,Too high Temp
2022-07-08,14:28:06,0,90.48,0.01,-
2022-07-08,14:28:07,0,90.47,0.0,Too high Temp
2022-07-08,14:28:07,0,90.47,0.0,Too high Temp
2022-07-08,14:28:07,0,90.48,0.01,Too high Temp
2022-07-08,14:28:08,0,90.47,0.01,Too high Temp
2022-07-08,14:28:08,0,90.47,0.01,-
2022-07-08,14:28:08,0,90.48,0.0,Too high Temp
2022-07-08,14:28:08,0,90.48,0.01,Too high Temp
2022-07-08,14:28:08,0,90.47,0.01,Too high Temp
2022-07-08,14:28:09,0,90.48,0.01,-
2022-07-08,14:28:09,0,90.47,0.01,Too high Temp
2022-07-08,14:28:09,0,90.48,0.01,Too high Temp
2022-07-08,14:28:09,0,90.47,0.01,Too high Temp
2022-07-08,14:28:10,0,90.48,0.0,-
2022-07-08,14:28:10,0,90.47,0.01,Too high Temp
2022-07-08,14:28:10,0,90.47,0.01,Too high Temp
2022-07-08,14:28:10,0,90.47,0.01,Too high Temp
2022-07-08,14:28:11,0,90.47,0.01,Too high Temp
2022-07-08,14:28:11,0,90.47,0.01,-
2022-07-08,14:28:11,0,90.48,0.0,Too high Temp
2022-07-08,14:28:11,0,90.48,0.0,Too high Temp
2022-07-08,14:28:11,0,90.47,0.0,Too high Temp
2022-07-08,14:28:12,0,90.47,0.01,-
2022-07-08,14:28:12,0,90.48,0.0,Too high Temp
2022-07-08,14:28:12,0,90.47,0.01,Too high Temp
2022-07-08,14:28:12,0,90.48,0.01,Too high Temp
2022-07-08,14:28:13,0,90.48,0.01,Too high Temp
2022-07-08,14:28:13,0,90.48,0.01,-
2022-07-08,14:28:13,0,90.48,0.0,Too high Temp
2022-07-08,14:28:13,0,90.47,0.01,Too high Temp
2022-07-08,14:28:14,0,90.47,0.01,Too high Temp
2022-07-08,14:28:14,0,90.48,0.0,-
2022-07-08,14:28:14,0,90.47,0.01,Too high Temp
2022-07-08,14:28:14,0,90.48,0.01,Too high Temp
2022-07-08,14:28:14,0,90.48,0.01,Too high Temp
2022-07-08,14:28:15,0,90.48,0.01,-
2022-07-08,14:28:15,0,90.47,0.01,Too high Temp
2022-07-08,14:28:15,0,90.48,0.0,Too high Temp
2022-07-08,14:28:15,0,90.47,0.0,Too high Temp
2022-07-08,14:28:16,0,90.47,0.02,Too high Temp
2022-07-08,14:28:16,0,90.47,0.0,-
2022-07-08,14:28:16,0,90.47,0.0,Too high Temp
2022-07-08,14:28:16,0,90.47,0.0,Too high Temp
2022-07-08,14:28:17,0,90.47,0.01,Too high Temp
2022-07-08,14:28:17,0,90.48,0.01,-
2022-07-08,14:28:17,0,90.47,0.0,Too high Temp
2022-07-08,14:28:17,0,90.47,0.01,Too high Temp
2022-07-08,14:28:17,0,90.47,0.01,Too high Temp
2022-07-08,14:28:18,0,90.48,0.0,Too high Temp
2022-07-08,14:28:18,0,90.47,0.02,-
2022-07-08,14:28:18,0,90.47,0.01,Too high Temp
2022-07-08,14:28:18,0,90.48,0.01,Too high Temp
2022-07-08,14:28:19,0,90.48,0.0,Too high Temp
2022-07-08,14:28:19,0,90.47,0.01,-
2022-07-08,14:28:19,0,90.48,0.01,Too high Temp
2022-07-08,14:28:19,0,90.48,0.0,Too high Temp
2022-07-08,14:28:20,0,90.48,0.0,Too high Temp
2022-07-08,14:28:20,0,90.48,0.01,Too high Temp
2022-07-08,14:28:20,0,90.48,0.0,-
2022-07-08,14:32:23,0,90.48,0.13,Too high Temp
2022-07-08,14:32:23,0,90.48,0.13,-
2022-07-08,14:32:24,0,90.49,0.04,Too high Temp
2022-07-08,14:32:24,0,90.49,0.01,Too high Temp
2022-07-08,14:32:25,0,90.49,0.01,Too high Temp
2022-07-08,14:32:25,0,90.49,0.04,-
2022-07-08,14:32:25,0,90.48,0.05,Too high Temp
2022-07-08,14:32:25,0,90.49,0.13,Too high Temp
2022-07-08,14:32:25,0,90.51,0.24,Too high Temp
2022-07-08,14:32:26,0,90.48,0.14,Too high Temp
2022-07-08,14:32:26,0,90.48,0.14,-
2022-07-08,14:32:26,0,90.49,0.13,Too high Temp
2022-07-08,14:32:26,0,90.48,0.1,Too high Temp
2022-07-08,14:32:27,0,90.49,0.1,Too high Temp
2022-07-08,14:32:27,0,90.55,0.01,-
2022-07-08,14:32:27,0,90.49,0.09,Too high Temp
2022-07-08,14:32:27,0,90.49,0.1,Too high Temp
2022-07-08,14:32:28,0,90.49,0.11,Too high Temp
2022-07-08,14:32:28,0,90.49,0.05,Too high Temp
2022-07-08,14:32:28,0,90.49,0.05,-
2022-07-08,14:32:28,0,90.49,0.08,Too high Temp
2022-07-08,14:32:28,0,90.49,0.07,Too high Temp
2022-07-08,14:32:29,0,90.49,0.03,Too high Temp
2022-07-08,14:32:29,0,90.49,0.01,-
2022-07-08,14:32:29,0,90.48,0.01,Too high Temp
2022-07-08,14:32:29,0,90.49,0.02,Too high Temp
2022-07-08,14:32:30,0,90.49,0.04,Too high Temp
2022-07-08,14:32:30,0,90.49,0.01,Too high Temp
2022-07-08,14:32:30,0,90.49,0.01,-
2022-07-08,14:32:30,0,90.49,0.01,Too high Temp
2022-07-08,14:32:31,0,90.49,0.01,Too high Temp
2022-07-08,14:32:31,0,90.49,0.01,Too high Temp
2022-07-08,14:32:31,0,90.49,0.01,-
2022-07-08,14:32:31,0,90.49,0.0,Too high Temp
2022-07-08,14:32:31,0,90.49,0.02,Too high Temp
2022-07-08,14:32:32,0,90.49,0.01,Too high Temp
2022-07-08,14:32:32,0,90.49,0.0,-
2022-07-08,14:32:32,0,90.49,0.0,Too high Temp
2022-07-08,14:32:32,0,90.49,0.02,Too high Temp
2022-07-08,14:32:33,0,90.5,0.03,Too high Temp
2022-07-08,14:32:33,0,90.49,0.01,Too high Temp
2022-07-08,14:32:33,0,90.5,0.02,-
2022-07-08,14:32:33,0,90.49,0.03,Too high Temp
2022-07-08,14:32:34,0,90.49,0.02,Too high Temp
2022-07-08,14:32:34,0,90.49,0.02,Too high Temp
2022-07-08,14:32:34,0,90.49,0.01,-
2022-07-08,14:32:34,0,90.5,0.02,Too high Temp
2022-07-08,14:32:34,0,90.5,0.01,Too high Temp
2022-07-08,14:32:35,0,90.49,0.0,Too high Temp
2022-07-08,14:32:35,0,90.5,0.03,Too high Temp
2022-07-08,14:32:35,0,90.5,0.03,-
2022-07-08,14:32:35,0,90.49,0.02,Too high Temp
2022-07-08,14:32:36,0,90.49,0.0,Too high Temp
2022-07-08,14:32:36,0,90.5,0.0,Too high Temp
2022-07-08,14:32:36,0,90.5,0.01,-
2022-07-08,14:32:36,0,90.5,0.0,Too high Temp
2022-07-08,14:32:37,0,90.5,0.01,Too high Temp
2022-07-08,14:32:37,0,90.5,0.01,Too high Temp
2022-07-08,14:32:37,0,90.5,0.0,-
2022-07-08,14:32:37,0,90.5,0.01,Too high Temp
2022-07-08,14:32:37,0,90.5,0.01,Too high Temp
2022-07-08,14:32:38,0,90.49,0.01,Too high Temp
2022-07-08,14:32:38,0,90.5,0.01,Too high Temp
2022-07-08,14:32:38,0,90.5,0.01,-
2022-07-08,14:32:38,0,90.5,0.01,Too high Temp
2022-07-08,14:32:39,0,90.5,0.01,Too high Temp
2022-07-08,14:32:39,0,90.5,0.02,Too high Temp
2022-07-08,14:32:39,0,90.5,0.0,-
2022-07-08,14:32:39,0,90.5,0.01,Too high Temp
2022-07-08,14:32:40,0,90.5,0.01,Too high Temp
2022-07-08,14:32:40,0,90.5,0.01,Too high Temp
2022-07-08,14:32:40,0,90.5,0.02,Too high Temp
2022-07-08,14:32:40,0,90.5,0.02,-
2022-07-08,14:32:40,0,90.5,0.01,Too high Temp
2022-07-08,14:32:41,0,90.5,0.01,Too high Temp
2022-07-08,14:32:41,0,90.49,0.0,Too high Temp
2022-07-08,14:32:41,0,90.5,0.0,-
2022-07-08,14:32:41,0,90.49,0.01,Too high Temp
2022-07-08,14:32:42,0,90.5,0.01,Too high Temp
2022-07-08,14:32:42,0,90.5,0.01,Too high Temp
2022-07-08,14:32:42,0,90.5,0.01,Too high Temp
2022-07-08,14:32:42,0,90.5,0.01,-
2022-07-08,14:32:43,0,90.5,0.01,Too high Temp
2022-07-08,14:32:43,0,90.5,0.01,Too high Temp
2022-07-08,14:32:43,0,90.5,0.01,Too high Temp
2022-07-08,14:32:43,0,90.51,0.01,-
2022-07-08,14:32:43,0,90.5,0.01,Too high Temp
2022-07-08,14:32:44,0,90.5,0.01,Too high Temp
2022-07-08,14:32:44,0,90.5,0.01,Too high Temp
2022-07-08,14:32:44,0,90.5,0.01,Too high Temp
2022-07-08,14:32:44,0,90.5,0.01,-
2022-07-08,14:32:45,0,90.5,0.01,Too high Temp
2022-07-08,14:32:45,0,90.5,0.01,Too high Temp
2022-07-08,14:32:45,0,90.5,0.0,Too high Temp
2022-07-08,14:32:45,0,90.5,0.01,-
2022-07-08,14:32:46,0,90.5,0.01,Too high Temp
2022-07-08,14:32:46,0,90.5,0.01,Too high Temp
2022-07-08,14:32:46,0,90.5,0.01,Too high Temp
2022-07-08,14:32:46,0,90.5,0.01,Too high Temp
2022-07-08,14:32:46,0,90.5,0.01,-
2022-07-08,14:32:47,0,90.5,0.01,Too high Temp
2022-07-08,14:32:47,0,90.5,0.01,Too high Temp
2022-07-08,14:32:47,0,90.5,0.02,Too high Temp
2022-07-08,14:32:47,0,90.5,0.01,-
2022-07-08,14:32:48,0,90.5,0.02,Too high Temp
2022-07-08,14:32:48,0,90.5,0.02,Too high Temp
2022-07-08,14:32:48,0,90.5,0.01,Too high Temp
2022-07-08,14:32:48,0,90.51,0.01,-
2022-07-08,14:32:49,0,90.5,0.01,Too high Temp
2022-07-08,14:32:49,0,90.5,0.01,Too high Temp
2022-07-08,14:32:49,0,90.5,0.01,Too high Temp
2022-07-08,14:32:49,0,90.5,0.01,Too high Temp
2022-07-08,14:32:49,0,90.5,0.0,-
2022-07-08,14:32:50,0,90.5,0.01,Too high Temp
2022-07-08,14:32:50,0,90.5,0.01,Too high Temp
2022-07-08,14:32:50,0,90.5,0.01,Too high Temp
2022-07-08,14:32:50,0,90.5,0.0,-
2022-07-08,14:32:51,0,90.49,0.01,Too high Temp
2022-07-08,14:32:51,0,90.5,0.01,Too high Temp
2022-07-08,14:32:51,0,90.5,0.01,Too high Temp
2022-07-08,14:32:52,0,90.5,0.01,Too high Temp
2022-07-08,14:32:52,0,90.5,0.01,-
2022-07-08,14:32:52,0,90.5,0.01,Too high Temp
2022-07-08,14:32:52,0,90.5,0.01,Too high Temp
2022-07-08,14:32:52,0,90.5,0.0,Too high Temp
2022-07-08,14:32:53,0,90.5,0.0,-
2022-07-08,14:32:53,0,90.5,0.0,Too high Temp
2022-07-08,14:32:53,0,90.49,0.01,Too high Temp
2022-07-08,14:32:53,0,90.5,0.0,Too high Temp
2022-07-08,14:32:54,0,90.5,0.0,Too high Temp
2022-07-08,14:32:54,0,90.5,0.0,-
2022-07-08,14:32:54,0,90.5,0.01,Too high Temp
2022-07-08,14:32:54,0,90.5,0.01,Too high Temp
2022-07-08,14:32:55,0,90.5,0.0,Too high Temp
2022-07-08,14:32:55,0,90.5,0.01,-
2022-07-08,14:32:55,0,90.5,0.02,Too high Temp
2022-07-08,14:32:55,0,90.49,0.01,Too high Temp
2022-07-08,14:32:55,0,90.5,0.02,Too high Temp
2022-07-08,14:32:56,0,90.5,0.0,Too high Temp
2022-07-08,14:32:56,0,90.5,0.0,-
2022-07-08,14:32:56,0,90.5,0.0,Too high Temp
2022-07-08,14:32:56,0,90.5,0.01,Too high Temp
2022-07-08,14:32:57,0,90.5,0.0,Too high Temp
2022-07-08,14:32:57,0,90.5,0.01,-
2022-07-08,14:32:57,0,90.5,0.01,Too high Temp
2022-07-08,14:32:57,0,90.5,0.0,Too high Temp
2022-07-08,14:32:58,0,90.5,0.01,Too high Temp
2022-07-08,14:32:58,0,90.5,0.01,-
2022-07-08,14:32:58,0,90.5,0.01,Too high Temp
2022-07-08,14:32:58,0,90.5,0.0,Too high Temp
2022-07-08,14:32:58,0,90.5,0.01,Too high Temp
2022-07-08,14:32:59,0,90.49,0.01,Too high Temp
2022-07-08,14:32:59,0,90.5,0.01,-
2022-07-08,14:32:59,0,90.5,0.01,Too high Temp
2022-07-08,14:32:59,0,90.5,0.02,Too high Temp
2022-07-08,14:33:00,0,90.5,0.01,Too high Temp
2022-07-08,14:33:00,0,90.49,0.01,Too high Temp
2022-07-08,14:33:00,0,90.49,0.01,-
2022-07-08,14:33:00,0,90.5,0.0,Too high Temp
2022-07-08,14:33:01,0,90.5,0.0,Too high Temp
2022-07-08,14:33:01,0,90.5,0.0,Too high Temp
2022-07-08,14:33:01,0,90.5,0.0,-
2022-07-08,14:33:01,0,90.5,0.0,Too high Temp
2022-07-08,14:33:01,0,90.49,0.0,Too high Temp
2022-07-08,14:33:02,0,90.5,0.0,Too high Temp
2022-07-08,14:33:02,0,90.5,0.0,-
2022-07-08,14:33:02,0,90.5,0.0,Too high Temp
2022-07-08,14:33:02,0,90.5,0.01,Too high Temp
2022-07-08,14:33:03,0,90.5,0.0,Too high Temp
2022-07-08,14:33:03,0,90.5,0.0,Too high Temp
2022-07-08,14:33:03,0,90.5,0.01,-
2022-07-08,14:33:03,0,90.5,0.0,Too high Temp
2022-07-08,14:33:04,0,90.5,0.0,Too high Temp
2022-07-08,14:33:04,0,90.5,0.01,Too high Temp
2022-07-08,14:33:04,0,90.49,0.01,-
2022-07-08,14:33:04,0,90.5,0.01,Too high Temp
2022-07-08,14:33:04,0,90.5,0.01,Too high Temp
2022-07-08,14:33:05,0,90.5,0.01,Too high Temp
2022-07-08,14:33:05,0,90.5,0.01,Too high Temp
2022-07-08,14:33:05,0,90.5,0.01,-
2022-07-08,14:33:05,0,90.5,0.0,Too high Temp
2022-07-08,14:33:06,0,90.5,0.0,Too high Temp
2022-07-08,14:33:06,0,90.5,0.01,Too high Temp
2022-07-08,14:33:06,0,90.5,0.01,-
2022-07-08,14:33:06,0,90.49,0.0,Too high Temp
2022-07-08,14:33:07,0,90.49,0.01,Too high Temp
2022-07-08,14:33:07,0,90.5,0.01,Too high Temp
2022-07-08,14:33:07,0,90.5,0.0,-
2022-07-08,14:33:07,0,90.5,0.02,Too high Temp
2022-07-08,14:33:07,0,90.49,0.02,Too high Temp
2022-07-08,14:33:08,0,90.5,0.01,Too high Temp
2022-07-08,14:33:08,0,90.5,0.01,Too high Temp
2022-07-08,14:33:08,0,90.5,0.01,-
2022-07-08,14:33:08,0,90.49,0.0,Too high Temp
2022-07-08,14:33:09,0,90.5,0.0,Too high Temp
2022-07-08,14:33:09,0,90.5,0.01,Too high Temp
2022-07-08,14:33:09,0,90.5,0.0,-
2022-07-08,14:33:09,0,90.5,0.0,Too high Temp
2022-07-08,14:33:10,0,90.5,0.01,Too high Temp
2022-07-08,14:33:10,0,90.49,0.01,Too high Temp
2022-07-08,14:33:10,0,90.5,0.0,Too high Temp
2022-07-08,14:33:10,0,90.5,0.0,-
2022-07-08,14:33:10,0,90.5,0.0,Too high Temp
2022-07-08,14:33:11,0,90.49,0.02,Too high Temp
2022-07-08,14:33:11,0,90.5,0.0,Too high Temp
2022-07-08,14:33:11,0,90.5,0.01,-
2022-07-08,14:33:11,0,90.5,0.0,Too high Temp
2022-07-08,14:33:12,0,90.49,0.01,Too high Temp
2022-07-08,14:33:12,0,90.5,0.02,Too high Temp
2022-07-08,14:33:12,0,90.49,0.01,Too high Temp
2022-07-08,14:33:12,0,90.49,0.01,-
2022-07-08,14:33:13,0,90.49,0.0,Too high Temp
2022-07-08,14:33:13,0,90.49,0.01,Too high Temp
2022-07-08,14:33:13,0,90.49,0.0,Too high Temp
2022-07-08,14:33:13,0,90.5,0.0,-
2022-07-08,14:33:13,0,90.5,0.01,Too high Temp
2022-07-08,14:33:14,0,90.49,0.01,Too high Temp
2022-07-08,14:33:14,0,90.5,0.01,Too high Temp
2022-07-08,14:33:14,0,90.49,0.01,Too high Temp
2022-07-08,14:33:14,0,90.49,0.01,-
2022-07-08,14:33:15,0,90.49,0.01,Too high Temp
2022-07-08,14:33:15,0,90.49,0.01,Too high Temp
2022-07-08,14:33:15,0,90.49,0.0,Too high Temp
2022-07-08,14:33:15,0,90.5,0.01,-
2022-07-08,14:33:16,0,90.49,0.01,Too high Temp
2022-07-08,14:33:16,0,90.5,0.01,Too high Temp
2022-07-08,14:33:16,0,90.49,0.01,Too high Temp
2022-07-08,14:33:16,0,90.5,0.01,-
2022-07-08,14:33:16,0,90.49,0.0,Too high Temp
2022-07-08,14:33:17,0,90.49,0.0,Too high Temp
2022-07-08,14:33:17,0,90.49,0.0,Too high Temp
2022-07-08,14:33:17,0,90.49,0.01,Too high Temp
2022-07-08,14:33:17,0,90.5,0.0,-
2022-07-08,14:33:18,0,90.49,0.01,Too high Temp
2022-07-08,14:33:18,0,90.49,0.01,Too high Temp
2022-07-08,14:33:18,0,90.49,0.01,Too high Temp
2022-07-08,14:33:19,0,90.49,0.0,-
2022-07-08,14:33:19,0,90.49,0.0,Too high Temp
2022-07-08,14:33:19,0,90.5,0.01,Too high Temp
2022-07-08,14:33:19,0,90.49,0.02,Too high Temp
2022-07-08,14:33:19,0,90.49,0.01,Too high Temp
2022-07-08,14:33:20,0,90.49,0.0,-
2022-07-08,14:33:20,0,90.49,0.0,Too high Temp
2022-07-08,14:33:20,0,90.49,0.0,Too high Temp
2022-07-08,14:33:20,0,90.5,0.01,Too high Temp
2022-07-08,14:33:21,0,90.49,0.01,-
2022-07-08,14:33:21,0,90.49,0.01,Too high Temp
2022-07-08,14:33:21,0,90.49,0.0,Too high Temp
2022-07-08,14:33:21,0,90.49,0.01,Too high Temp
2022-07-08,14:33:22,0,90.49,0.01,Too high Temp
2022-07-08,14:33:22,0,90.49,0.01,-
2022-07-08,14:33:22,0,90.5,0.0,Too high Temp
2022-07-08,14:34:47,0,90.49,0.14,Too high Temp
2022-07-08,14:34:47,0,90.49,0.14,-
2022-07-08,14:34:48,0,90.49,0.0,Too high Temp
2022-07-08,14:34:49,0,90.48,0.0,Too high Temp
2022-07-08,14:34:49,0,90.48,0.0,Too high Temp
2022-07-08,14:34:49,0,90.49,0.0,Too high Temp
2022-07-08,14:34:49,0,90.48,0.01,-
2022-07-08,14:34:49,0,90.49,0.01,Too high Temp
2022-07-08,14:34:50,0,90.48,0.01,Too high Temp
2022-07-08,14:34:50,0,90.48,0.01,Too high Temp
2022-07-08,14:34:50,0,90.49,0.01,-
2022-07-08,14:34:50,0,90.48,0.0,Too high Temp
2022-07-08,14:34:51,0,90.48,0.0,Too high Temp
2022-07-08,14:34:51,0,90.48,0.0,Too high Temp
2022-07-08,14:34:51,0,90.49,0.01,-
2022-07-08,14:34:51,0,90.48,0.01,Too high Temp
2022-07-08,14:34:52,0,90.48,0.01,Too high Temp
2022-07-08,14:34:52,0,90.48,0.0,Too high Temp
2022-07-08,14:34:52,0,90.49,0.01,Too high Temp
2022-07-08,14:34:52,0,90.49,0.0,-
2022-07-08,14:34:52,0,90.49,0.01,Too high Temp
2022-07-08,14:34:53,0,90.48,0.01,Too high Temp
2022-07-08,14:34:53,0,90.48,0.01,Too high Temp
2022-07-08,14:34:53,0,90.48,0.01,-
2022-07-08,14:34:53,0,90.48,0.01,Too high Temp
2022-07-08,14:34:54,0,90.48,0.01,Too high Temp
2022-07-08,14:34:54,0,90.48,0.01,Too high Temp
2022-07-08,14:34:54,0,90.48,0.01,Too high Temp
2022-07-08,14:34:54,0,90.48,0.01,-
2022-07-08,14:34:55,0,90.49,0.01,Too high Temp
2022-07-08,14:34:55,0,90.49,0.01,Too high Temp
2022-07-08,14:34:55,0,90.48,0.01,Too high Temp
2022-07-08,14:34:55,0,90.49,0.0,-
2022-07-08,14:34:55,0,90.48,0.0,Too high Temp
2022-07-08,14:34:56,0,90.48,0.0,Too high Temp
2022-07-08,14:34:56,0,90.48,0.01,Too high Temp
2022-07-08,14:34:56,0,90.48,0.01,Too high Temp
2022-07-08,14:34:56,0,90.48,0.01,-
2022-07-08,14:34:57,0,90.48,0.01,Too high Temp
2022-07-08,14:34:57,0,90.48,0.01,Too high Temp
2022-07-08,14:34:57,0,90.48,0.01,Too high Temp
2022-07-08,14:34:57,0,90.49,0.0,-
2022-07-08,14:34:58,0,90.48,0.01,Too high Temp
2022-07-08,14:34:58,0,90.48,0.01,Too high Temp
2022-07-08,14:34:58,0,90.48,0.01,Too high Temp
2022-07-08,14:34:58,0,90.49,0.0,-
2022-07-08,14:34:58,0,90.49,0.01,Too high Temp
2022-07-08,14:34:59,0,90.48,0.02,Too high Temp
2022-07-08,14:34:59,0,90.48,0.02,Too high Temp
2022-07-08,14:34:59,0,90.48,0.01,Too high Temp
2022-07-08,14:34:59,0,90.49,0.0,-
2022-07-08,14:35:00,0,90.48,0.01,Too high Temp
2022-07-08,14:35:00,0,90.48,0.02,Too high Temp
2022-07-08,14:35:00,0,90.48,0.01,Too high Temp
2022-07-08,14:35:00,0,90.48,0.0,-
2022-07-08,14:35:01,0,90.48,0.01,Too high Temp
2022-07-08,14:35:01,0,90.48,0.01,Too high Temp
2022-07-08,14:35:01,0,90.48,0.01,Too high Temp
2022-07-08,14:35:01,0,90.49,0.01,Too high Temp
2022-07-08,14:35:01,0,90.49,0.01,-
2022-07-08,14:35:02,0,90.48,0.01,Too high Temp
2022-07-08,14:35:16,0,90.49,0.13,Too high Temp
2022-07-08,14:35:16,0,90.49,0.13,-
2022-07-08,14:35:18,0,90.48,0.01,Too high Temp
2022-07-08,14:35:18,0,90.48,0.0,Too high Temp
2022-07-08,14:35:18,0,90.48,0.01,Too high Temp
2022-07-08,14:35:18,0,90.48,0.01,Too high Temp
2022-07-08,14:35:18,0,90.48,0.01,-
2022-07-08,14:35:19,0,90.48,0.01,Too high Temp
2022-07-08,14:35:19,0,90.48,0.01,Too high Temp
2022-07-08,14:35:19,0,90.48,0.01,Too high Temp
2022-07-08,14:35:19,0,90.48,0.01,-
2022-07-08,14:35:20,0,90.49,0.01,Too high Temp
2022-07-08,14:35:20,0,90.48,0.0,Too high Temp
2022-07-08,14:35:20,0,90.48,0.01,Too high Temp
2022-07-08,14:35:20,0,90.48,0.0,-
2022-07-08,14:35:21,0,90.48,0.01,Too high Temp
2022-07-08,14:35:21,0,90.48,0.01,Too high Temp
2022-07-08,14:35:21,0,90.48,0.01,Too high Temp
2022-07-08,14:35:21,0,90.48,0.01,Too high Temp
2022-07-08,14:35:22,0,90.48,0.01,-
2022-07-08,14:35:22,0,90.48,0.01,Too high Temp
2022-07-08,14:35:22,0,90.48,0.02,Too high Temp
2022-07-08,14:35:22,0,90.48,0.01,Too high Temp
2022-07-08,14:35:23,0,90.48,0.0,-
2022-07-08,14:35:23,0,90.48,0.01,Too high Temp
2022-07-08,14:35:23,0,90.48,0.01,Too high Temp
2022-07-08,14:35:23,0,90.48,0.01,Too high Temp
2022-07-08,14:35:24,0,90.48,0.01,Too high Temp
2022-07-08,14:35:24,0,90.48,0.01,-
2022-07-08,14:35:24,0,90.48,0.01,Too high Temp
2022-07-08,14:35:24,0,90.48,0.01,Too high Temp
2022-07-08,14:35:24,0,90.48,0.01,Too high Temp
2022-07-08,14:35:25,0,90.48,0.01,-
2022-07-08,14:35:25,0,90.48,0.0,Too high Temp
2022-07-08,14:35:25,0,90.48,0.01,Too high Temp
2022-07-08,14:35:25,0,90.48,0.01,Too high Temp
2022-07-08,14:35:26,0,90.48,0.01,Too high Temp
2022-07-08,14:35:26,0,90.48,0.01,-
2022-07-08,14:35:26,0,90.48,0.01,Too high Temp
2022-07-08,14:35:26,0,90.48,0.01,Too high Temp
2022-07-08,14:35:27,0,90.48,0.01,Too high Temp
2022-07-08,14:35:27,0,90.48,0.0,-
2022-07-08,14:35:27,0,90.48,0.01,Too high Temp
2022-07-08,14:35:27,0,90.48,0.01,Too high Temp
2022-07-08,14:35:27,0,90.48,0.01,Too high Temp
2022-07-08,14:35:28,0,90.48,0.01,Too high Temp
2022-07-08,14:35:28,0,90.48,0.01,-
2022-07-08,14:35:28,0,90.48,0.0,Too high Temp
2022-07-08,14:35:28,0,90.48,0.02,Too high Temp
2022-07-08,14:35:29,0,90.48,0.01,Too high Temp
2022-07-08,14:35:29,0,90.48,0.0,-
2022-07-08,14:35:29,0,90.48,0.01,Too high Temp
2022-07-08,14:35:29,0,90.48,0.01,Too high Temp
2022-07-08,14:35:30,0,90.48,0.01,Too high Temp
2022-07-08,14:35:30,0,90.48,0.02,Too high Temp
2022-07-08,14:35:30,0,90.48,0.02,-
2022-07-08,14:35:30,0,90.49,0.0,Too high Temp
2022-07-08,14:35:30,0,90.48,0.01,Too high Temp
2022-07-08,14:35:31,0,90.48,0.02,Too high Temp
2022-07-08,14:35:31,0,90.48,0.01,-
2022-07-08,14:35:31,0,90.48,0.01,Too high Temp
2022-07-08,14:35:31,0,90.48,0.02,Too high Temp
2022-07-08,14:35:32,0,90.48,0.01,Too high Temp
2022-07-08,14:35:32,0,90.49,0.0,-
2022-07-08,14:35:32,0,90.48,0.02,Too high Temp
2022-07-08,14:35:32,0,90.48,0.02,Too high Temp
2022-07-08,14:35:33,0,90.48,0.02,Too high Temp
2022-07-08,14:35:33,0,90.48,0.02,Too high Temp
2022-07-08,14:35:33,0,90.48,0.0,-
2022-07-08,14:35:33,0,90.48,0.02,Too high Temp
2022-07-08,14:35:33,0,90.48,0.02,Too high Temp
2022-07-08,14:35:34,0,90.48,0.02,Too high Temp
2022-07-08,14:35:34,0,90.49,0.0,-
2022-07-08,14:35:34,0,90.48,0.0,Too high Temp
2022-07-08,14:35:34,0,90.48,0.01,Too high Temp
2022-07-08,14:35:35,0,90.48,0.01,Too high Temp
2022-07-08,14:35:35,0,90.48,0.02,Too high Temp
2022-07-08,14:35:35,0,90.48,0.0,-
2022-07-08,14:36:07,0,90.5,0.14,Too high Temp
2022-07-08,14:36:07,0,90.5,0.14,-
2022-07-08,14:36:08,0,90.48,0.02,Too high Temp
2022-07-08,14:36:09,0,90.48,0.02,Too high Temp
2022-07-08,14:36:09,0,90.48,0.01,Too high Temp
2022-07-08,14:36:09,0,90.48,0.01,-
2022-07-08,14:36:09,0,90.48,0.01,Too high Temp
2022-07-08,14:36:09,0,90.48,0.01,Too high Temp
2022-07-08,14:36:10,0,90.48,0.0,Too high Temp
2022-07-08,14:36:10,0,90.48,0.0,Too high Temp
2022-07-08,14:36:10,0,90.48,0.0,-
2022-07-08,14:36:10,0,90.48,0.01,Too high Temp
2022-07-08,14:36:11,0,90.48,0.0,Too high Temp
2022-07-08,14:36:11,0,90.48,0.01,Too high Temp
2022-07-08,14:36:11,0,90.48,0.0,-
2022-07-08,14:36:11,0,90.48,0.01,Too high Temp
2022-07-08,14:36:12,0,90.48,0.01,Too high Temp
2022-07-08,14:36:12,0,90.48,0.01,Too high Temp
2022-07-08,14:36:12,0,90.48,0.01,-
2022-07-08,14:36:12,0,90.48,0.0,Too high Temp
2022-07-08,14:36:12,0,90.48,0.0,Too high Temp
2022-07-08,14:36:13,0,90.49,0.0,Too high Temp
2022-07-08,14:36:13,0,90.48,0.01,Too high Temp
2022-07-08,14:36:13,0,90.48,0.01,-
2022-07-08,14:36:13,0,90.48,0.0,Too high Temp
2022-07-08,14:36:14,0,90.48,0.0,Too high Temp
2022-07-08,14:36:14,0,90.48,0.01,Too high Temp
2022-07-08,14:36:14,0,90.48,0.0,-
2022-07-08,14:36:14,0,90.48,0.01,Too high Temp
2022-07-08,14:36:15,0,90.48,0.01,Too high Temp
2022-07-08,14:36:15,0,90.48,0.01,Too high Temp
2022-07-08,14:36:15,0,90.48,0.01,Too high Temp
2022-07-08,14:36:15,0,90.48,0.01,-
2022-07-08,14:36:15,0,90.48,0.01,Too high Temp
2022-07-08,14:36:16,0,90.48,0.01,Too high Temp
2022-07-08,14:36:16,0,90.48,0.01,Too high Temp
2022-07-08,14:36:16,0,90.48,0.0,-
2022-07-08,14:36:16,0,90.48,0.01,Too high Temp
2022-07-08,14:36:17,0,90.48,0.01,Too high Temp
2022-07-08,14:36:17,0,90.48,0.01,Too high Temp
2022-07-08,14:36:17,0,90.48,0.01,Too high Temp
2022-07-08,14:36:17,0,90.48,0.01,-
2022-07-08,14:36:18,0,90.48,0.01,Too high Temp
2022-07-08,14:36:18,0,90.48,0.01,Too high Temp
2022-07-08,14:36:18,0,90.48,0.01,Too high Temp
2022-07-08,14:36:18,0,90.48,0.01,-
2022-07-08,14:36:18,0,90.48,0.01,Too high Temp
2022-07-08,14:36:19,0,90.48,0.01,Too high Temp
2022-07-08,14:36:19,0,90.48,0.01,Too high Temp
2022-07-08,14:36:19,0,90.48,0.01,Too high Temp
2022-07-08,14:36:19,0,90.48,0.01,-
2022-07-08,14:36:20,0,90.48,0.01,Too high Temp
2022-07-08,14:36:20,0,90.48,0.01,Too high Temp
2022-07-08,14:36:20,0,90.48,0.01,Too high Temp
2022-07-08,14:36:20,0,90.48,0.0,-
2022-07-08,14:36:21,0,90.48,0.01,Too high Temp
2022-07-08,14:36:21,0,90.48,0.01,Too high Temp
2022-07-08,14:36:21,0,90.48,0.01,Too high Temp
2022-07-08,14:36:21,0,90.49,0.01,-
2022-07-08,14:36:21,0,90.48,0.01,Too high Temp
2022-07-08,14:36:22,0,90.48,0.01,Too high Temp
2022-07-08,14:36:22,0,90.48,0.01,Too high Temp
2022-07-08,14:36:22,0,90.48,0.01,Too high Temp
2022-07-08,14:36:22,0,90.48,0.0,-
2022-07-08,14:36:23,0,90.48,0.01,Too high Temp
2022-07-08,14:36:23,0,90.48,0.01,Too high Temp
2022-07-08,14:36:23,0,90.48,0.01,Too high Temp
2022-07-08,14:36:23,0,90.48,0.01,-
2022-07-08,14:36:24,0,90.48,0.01,Too high Temp
2022-07-08,14:36:24,0,90.48,0.01,Too high Temp
2022-07-08,14:36:24,0,90.48,0.01,Too high Temp
2022-07-08,14:36:24,0,90.48,0.01,Too high Temp
2022-07-08,14:36:24,0,90.48,0.01,-
2022-07-08,14:36:25,0,90.48,0.02,Too high Temp
2022-07-08,14:36:25,0,90.48,0.01,Too high Temp
2022-07-08,14:36:25,0,90.48,0.01,Too high Temp
2022-07-08,14:36:25,0,90.48,0.01,-
2022-07-08,14:36:26,0,90.47,0.01,Too high Temp
2022-07-08,14:36:26,0,90.48,0.01,Too high Temp
2022-07-08,14:36:26,0,90.48,0.02,Too high Temp
2022-07-08,14:36:26,0,90.48,0.0,-
2022-07-08,14:36:27,0,90.48,0.01,Too high Temp
2022-07-08,14:36:27,0,90.48,0.01,Too high Temp
2022-07-08,14:36:27,0,90.48,0.01,Too high Temp
2022-07-08,14:36:27,0,90.48,0.0,Too high Temp
2022-07-08,14:36:28,0,90.48,0.01,-
2022-07-08,14:36:28,0,90.48,0.0,Too high Temp
2022-07-08,14:36:28,0,90.48,0.01,Too high Temp
2022-07-08,14:36:28,0,90.48,0.0,Too high Temp
2022-07-08,14:36:29,0,90.48,0.02,-
2022-07-08,14:36:29,0,90.48,0.01,Too high Temp
2022-07-08,14:36:29,0,90.48,0.01,Too high Temp
2022-07-08,14:36:29,0,90.48,0.01,Too high Temp
2022-07-08,14:36:30,0,90.48,0.01,Too high Temp
2022-07-08,14:36:30,0,90.48,0.01,-
2022-07-08,14:36:30,0,90.48,0.01,Too high Temp
2022-07-08,14:36:30,0,90.48,0.01,Too high Temp
2022-07-08,14:36:30,0,90.48,0.01,Too high Temp
2022-07-08,14:36:31,0,90.48,0.0,-
2022-07-08,14:36:31,0,90.47,0.01,Too high Temp
2022-07-08,14:36:31,0,90.48,0.0,Too high Temp
2022-07-08,14:36:31,0,90.48,0.01,Too high Temp
2022-07-08,14:36:32,0,90.48,0.01,Too high Temp
2022-07-08,14:36:32,0,90.48,0.01,-
2022-07-08,14:36:32,0,90.48,0.01,Too high Temp
2022-07-08,14:36:32,0,90.48,0.01,Too high Temp
2022-07-08,14:36:33,0,90.48,0.01,Too high Temp
2022-07-08,14:36:33,0,90.48,0.01,-
2022-07-08,14:36:33,0,90.48,0.01,Too high Temp
2022-07-08,14:36:33,0,90.48,0.01,Too high Temp
2022-07-08,14:36:33,0,90.48,0.0,Too high Temp
2022-07-08,14:36:34,0,90.48,0.0,-
2022-07-08,14:36:34,0,90.48,0.01,Too high Temp
2022-07-08,14:36:34,0,90.48,0.01,Too high Temp
2022-07-08,14:36:34,0,90.48,0.01,Too high Temp
2022-07-08,14:36:35,0,90.48,0.01,Too high Temp
2022-07-08,14:36:35,0,90.48,0.0,-
2022-07-08,14:36:35,0,90.48,0.01,Too high Temp
2022-07-08,14:36:35,0,90.48,0.0,Too high Temp
2022-07-08,14:36:36,0,90.48,0.01,Too high Temp
2022-07-08,14:36:36,0,90.48,0.0,-
2022-07-08,14:36:36,0,90.47,0.01,Too high Temp
2022-07-08,14:36:36,0,90.47,0.01,Too high Temp
2022-07-08,14:36:36,0,90.48,0.0,Too high Temp
2022-07-08,14:36:37,0,90.48,0.0,Too high Temp
2022-07-08,14:36:37,0,90.48,0.0,-
2022-07-08,14:36:37,0,90.48,0.01,Too high Temp
2022-07-08,14:36:37,0,90.48,0.01,Too high Temp
2022-07-08,14:36:38,0,90.49,0.0,Too high Temp
2022-07-08,14:36:38,0,90.48,0.01,-
2022-07-08,14:36:38,0,90.48,0.0,Too high Temp
2022-07-08,14:36:38,0,90.48,0.0,Too high Temp
2022-07-08,14:36:39,0,90.48,0.0,Too high Temp
2022-07-08,14:36:39,0,90.48,0.01,-
2022-07-08,14:36:39,0,90.48,0.0,Too high Temp
2022-07-08,14:36:39,0,90.48,0.01,Too high Temp
2022-07-08,14:36:39,0,90.48,0.01,Too high Temp
2022-07-08,14:36:40,0,90.48,0.01,Too high Temp
2022-07-08,14:36:40,0,90.48,0.0,-
2022-07-08,14:36:40,0,90.48,0.01,Too high Temp
2022-07-08,14:36:40,0,90.48,0.01,Too high Temp
2022-07-08,14:36:41,0,90.48,0.01,Too high Temp
2022-07-08,14:36:41,0,90.48,0.0,-
2022-07-08,14:36:41,0,90.48,0.02,Too high Temp
2022-07-08,14:36:41,0,90.48,0.01,Too high Temp
2022-07-08,14:36:42,0,90.48,0.01,Too high Temp
2022-07-08,14:36:42,0,90.48,0.01,Too high Temp
2022-07-08,14:36:42,0,90.48,0.01,-
2022-07-08,14:36:42,0,90.48,0.02,Too high Temp
2022-07-08,14:36:42,0,90.48,0.01,Too high Temp
2022-07-08,14:36:43,0,90.48,0.0,Too high Temp
2022-07-08,14:36:43,0,90.48,0.01,-
2022-07-08,14:36:43,0,90.48,0.01,Too high Temp
2022-07-08,14:36:43,0,90.48,0.0,Too high Temp
2022-07-08,14:36:44,0,90.48,0.0,Too high Temp
2022-07-08,14:36:44,0,90.48,0.01,Too high Temp
2022-07-08,14:36:44,0,90.48,0.01,-
2022-07-08,14:36:44,0,90.48,0.01,Too high Temp
2022-07-08,14:39:38,0,90.49,0.15,Too high Temp
2022-07-08,14:39:38,0,90.49,0.15,-
2022-07-08,14:39:39,0,90.48,0.0,Too high Temp
2022-07-08,14:39:40,0,90.48,0.0,Too high Temp
2022-07-08,14:39:40,0,90.48,0.0,Too high Temp
2022-07-08,14:39:40,0,90.48,0.01,-
2022-07-08,14:39:40,0,90.48,0.0,Too high Temp
2022-07-08,14:39:41,0,90.48,0.0,Too high Temp
2022-07-08,14:39:41,0,90.48,0.01,Too high Temp
2022-07-08,14:39:41,0,90.48,0.0,Too high Temp
2022-07-08,14:39:41,0,90.48,0.0,-
2022-07-08,14:39:42,0,90.48,0.0,Too high Temp
2022-07-08,14:39:42,0,90.48,0.0,Too high Temp
2022-07-08,14:39:42,0,90.49,0.0,Too high Temp
2022-07-08,14:39:42,0,90.48,0.01,-
2022-07-08,14:39:42,0,90.48,0.01,Too high Temp
2022-07-08,14:39:43,0,90.48,0.01,Too high Temp
2022-07-08,14:39:43,0,90.47,0.01,Too high Temp
2022-07-08,14:39:43,0,90.47,0.01,Too high Temp
2022-07-08,14:39:43,0,90.47,0.01,-
2022-07-08,14:39:44,0,90.48,0.0,Too high Temp
2022-07-08,14:39:44,0,90.48,0.0,Too high Temp
2022-07-08,14:39:44,0,90.48,0.0,Too high Temp
2022-07-08,14:39:44,0,90.47,0.0,-
2022-07-08,14:39:45,0,90.48,0.0,Too high Temp
2022-07-08,14:39:45,0,90.48,0.01,Too high Temp
2022-07-08,14:39:45,0,90.48,0.0,Too high Temp
2022-07-08,14:40:27,0,90.49,0.13,Too high Temp
2022-07-08,14:40:27,0,90.49,0.13,-
2022-07-08,14:40:28,0,90.48,0.01,Too high Temp
2022-07-08,14:40:28,0,90.48,0.01,Too high Temp
2022-07-08,14:40:28,0,90.48,0.01,Too high Temp
2022-07-08,14:40:29,0,90.47,0.01,-
2022-07-08,14:40:29,0,90.48,0.01,Too high Temp
2022-07-08,14:40:29,0,90.48,0.01,Too high Temp
2022-07-08,14:40:29,0,90.48,0.01,Too high Temp
2022-07-08,14:40:30,0,90.48,0.0,Too high Temp
2022-07-08,14:40:30,0,90.48,0.0,-
2022-07-08,14:40:30,0,90.48,0.01,Too high Temp
2022-07-08,14:40:30,0,90.48,0.0,Too high Temp
2022-07-08,14:40:31,0,90.48,0.0,Too high Temp
2022-07-08,14:40:31,0,90.48,0.01,-
2022-07-08,14:40:31,0,90.48,0.0,Too high Temp
2022-07-08,14:40:31,0,90.47,0.01,Too high Temp
2022-07-08,14:40:31,0,90.47,0.0,Too high Temp
2022-07-08,14:40:32,0,90.47,0.01,Too high Temp
2022-07-08,14:40:32,0,90.47,0.01,-
2022-07-08,14:40:32,0,90.48,0.0,Too high Temp
2022-07-08,14:40:32,0,90.48,0.01,Too high Temp
2022-07-08,14:40:33,0,90.48,0.01,Too high Temp
2022-07-08,14:40:33,0,90.48,0.0,-
2022-07-08,14:40:33,0,90.48,0.01,Too high Temp
2022-07-08,14:40:33,0,90.48,0.03,Too high Temp
2022-07-08,14:40:34,0,90.48,0.01,Too high Temp
2022-07-08,14:40:34,0,90.48,0.0,Too high Temp
2022-07-08,14:40:34,0,90.48,0.0,-
2022-07-08,14:40:34,0,90.48,0.02,Too high Temp
2022-07-08,14:40:34,0,90.47,0.01,Too high Temp
2022-07-08,14:40:35,0,90.47,0.01,Too high Temp
2022-07-08,14:40:35,0,90.48,0.0,-
2022-07-08,14:40:35,0,90.48,0.01,Too high Temp
2022-07-08,14:40:35,0,90.48,0.02,Too high Temp
2022-07-08,14:40:36,0,90.48,0.02,Too high Temp
2022-07-08,14:40:36,0,90.48,0.01,Too high Temp
2022-07-08,14:40:36,0,90.48,0.01,-
2022-07-08,14:40:36,0,90.48,0.01,Too high Temp
2022-07-08,14:40:37,0,90.48,0.01,Too high Temp
2022-07-08,14:40:37,0,90.48,0.01,Too high Temp
2022-07-08,14:40:37,0,90.48,0.02,-
2022-07-08,14:40:37,0,90.48,0.02,Too high Temp
2022-07-08,14:40:37,0,90.48,0.01,Too high Temp
2022-07-08,14:40:38,0,90.48,0.0,Too high Temp
2022-07-08,14:40:38,0,90.48,0.01,Too high Temp
2022-07-08,14:40:38,0,90.48,0.01,-
2022-07-08,14:40:38,0,90.48,0.01,Too high Temp
2022-07-08,14:40:39,0,90.48,0.01,Too high Temp
2022-07-08,14:40:39,0,90.48,0.01,Too high Temp
2022-07-08,14:40:39,0,90.48,0.01,-
2022-07-08,14:40:39,0,90.48,0.0,Too high Temp
2022-07-08,14:40:40,0,90.48,0.01,Too high Temp
2022-07-08,14:40:40,0,90.48,0.02,Too high Temp
2022-07-08,14:40:40,0,90.48,0.01,Too high Temp
2022-07-08,14:40:40,0,90.48,0.01,-
2022-07-08,14:40:40,0,90.48,0.01,Too high Temp
2022-07-08,14:40:41,0,90.48,0.01,Too high Temp
2022-07-08,14:40:41,0,90.48,0.01,Too high Temp
2022-07-08,14:40:41,0,90.47,0.01,-
2022-07-08,14:40:41,0,90.47,0.01,Too high Temp
2022-07-08,14:40:42,0,90.48,0.01,Too high Temp
2022-07-08,14:40:42,0,90.48,0.01,Too high Temp
2022-07-08,14:40:42,0,90.47,0.01,Too high Temp
2022-07-08,14:40:42,0,90.47,0.01,-
2022-07-08,14:40:43,0,90.48,0.01,Too high Temp
2022-07-08,14:40:43,0,90.47,0.01,Too high Temp
2022-07-08,14:40:43,0,90.48,0.02,Too high Temp
2022-07-08,14:40:43,0,90.48,0.0,-
2022-07-08,14:40:43,0,90.48,0.01,Too high Temp
2022-07-08,14:40:44,0,90.48,0.01,Too high Temp
2022-07-08,14:40:44,0,90.48,0.01,Too high Temp
2022-07-08,14:40:44,0,90.48,0.0,-
2022-07-08,14:40:44,0,90.48,0.01,Too high Temp
2022-07-08,14:40:45,0,90.48,0.02,Too high Temp
2022-07-08,14:40:45,0,90.48,0.01,Too high Temp
2022-07-08,14:40:45,0,90.48,0.0,Too high Temp
2022-07-08,14:40:45,0,90.48,0.01,-
2022-07-08,14:40:46,0,90.48,0.0,Too high Temp
2022-07-08,14:40:46,0,90.47,0.01,Too high Temp
2022-07-08,14:40:46,0,90.48,0.01,Too high Temp
2022-07-08,14:40:46,0,90.48,0.01,-
2022-07-08,14:40:46,0,90.48,0.01,Too high Temp
2022-07-08,14:40:47,0,90.48,0.01,Too high Temp
2022-07-08,14:40:47,0,90.47,0.02,Too high Temp
2022-07-08,14:40:47,0,90.48,0.01,Too high Temp
2022-07-08,14:40:47,0,90.48,0.01,-
2022-07-08,14:40:48,0,90.47,0.01,Too high Temp
2022-07-08,14:40:48,0,90.47,0.01,Too high Temp
2022-07-08,14:40:48,0,90.48,0.01,Too high Temp
2022-07-08,14:40:48,0,90.48,0.01,-
2022-07-08,14:40:49,0,90.47,0.01,Too high Temp
2022-07-08,14:40:49,0,90.48,0.02,Too high Temp
2022-07-08,14:40:49,0,90.48,0.02,Too high Temp
2022-07-08,14:40:49,0,90.48,0.0,-
2022-07-08,14:40:49,0,90.48,0.0,Too high Temp
2022-07-08,14:40:50,0,90.47,0.02,Too high Temp
2022-07-08,14:40:50,0,90.48,0.02,Too high Temp
2022-07-08,14:40:50,0,90.48,0.0,Too high Temp
2022-07-08,14:40:50,0,90.48,0.01,-
2022-07-08,14:40:51,0,90.48,0.02,Too high Temp
2022-07-08,14:40:51,0,90.48,0.0,Too high Temp
2022-07-08,14:40:51,0,90.48,0.01,Too high Temp
2022-07-08,14:40:51,0,90.48,0.01,-
2022-07-08,14:40:52,0,90.48,0.02,Too high Temp
2022-07-08,14:40:52,0,90.48,0.0,Too high Temp
2022-07-08,14:40:52,0,90.48,0.01,Too high Temp
2022-07-08,14:40:52,0,90.48,0.01,Too high Temp
2022-07-08,14:40:52,0,90.48,0.01,-
2022-07-08,14:40:53,0,90.48,0.0,Too high Temp
2022-07-08,14:40:53,0,90.48,0.01,Too high Temp
2022-07-08,14:40:53,0,90.48,0.01,Too high Temp
2022-07-08,14:40:53,0,90.48,0.0,-
2022-07-08,14:40:54,0,90.48,0.01,Too high Temp
2022-07-08,14:40:54,0,90.48,0.0,Too high Temp
2022-07-08,14:40:54,0,90.47,0.01,Too high Temp
2022-07-08,14:40:55,0,90.48,0.02,-
2022-07-08,14:40:55,0,90.48,0.0,Too high Temp
2022-07-08,14:40:55,0,90.48,0.0,Too high Temp
2022-07-08,14:40:55,0,90.48,0.01,Too high Temp
2022-07-08,14:40:56,0,90.48,0.0,Too high Temp
2022-07-08,14:40:56,0,90.48,0.0,-
2022-07-08,14:40:56,0,90.48,0.01,Too high Temp
2022-07-08,14:40:56,0,90.48,0.01,Too high Temp
2022-07-08,14:40:56,0,90.47,0.01,Too high Temp
2022-07-08,14:40:57,0,90.48,0.01,-
2022-07-08,14:40:57,0,90.48,0.01,Too high Temp
2022-07-08,14:40:57,0,90.48,0.0,Too high Temp
2022-07-08,14:40:57,0,90.48,0.0,Too high Temp
2022-07-08,14:40:58,0,90.48,0.01,Too high Temp
2022-07-08,14:40:58,0,90.48,0.01,-
2022-07-08,14:40:58,0,90.47,0.01,Too high Temp
2022-07-08,14:40:58,0,90.48,0.01,Too high Temp
2022-07-08,14:40:58,0,90.48,0.01,Too high Temp
2022-07-08,14:40:59,0,90.48,0.01,-
2022-07-08,14:40:59,0,90.48,0.01,Too high Temp
2022-07-08,14:40:59,0,90.48,0.01,Too high Temp
2022-07-08,14:40:59,0,90.48,0.0,Too high Temp
2022-07-08,14:41:00,0,90.48,0.01,Too high Temp
2022-07-08,14:41:00,0,90.48,0.01,-
2022-07-08,14:41:00,0,90.48,0.01,Too high Temp
2022-07-08,14:41:00,0,90.48,0.01,Too high Temp
2022-07-08,14:41:01,0,90.48,0.0,Too high Temp
2022-07-08,14:41:01,0,90.48,0.0,-
2022-07-08,14:41:01,0,90.48,0.0,Too high Temp
2022-07-08,14:41:01,0,90.48,0.0,Too high Temp
2022-07-08,14:41:01,0,90.48,0.01,Too high Temp
2022-07-08,14:41:02,0,90.48,0.0,-
2022-07-08,14:41:02,0,90.48,0.01,Too high Temp
2022-07-08,14:41:02,0,90.48,0.0,Too high Temp
2022-07-08,14:41:02,0,90.48,0.0,Too high Temp
2022-07-08,14:41:03,0,90.48,0.02,Too high Temp
2022-07-08,14:41:03,0,90.48,0.0,-
2022-07-08,14:41:03,0,90.48,0.01,Too high Temp
2022-07-08,14:41:03,0,90.48,0.01,Too high Temp
2022-07-08,14:41:04,0,90.48,0.01,Too high Temp
2022-07-08,14:41:04,0,90.48,0.01,-
2022-07-08,14:41:04,0,90.48,0.0,Too high Temp
2022-07-08,14:41:04,0,90.48,0.01,Too high Temp
2022-07-08,14:41:04,0,90.48,0.0,Too high Temp
2022-07-08,14:41:05,0,90.48,0.01,Too high Temp
2022-07-08,14:41:05,0,90.48,0.01,-
2022-07-08,14:41:05,0,90.48,0.01,Too high Temp
2022-07-08,14:41:05,0,90.47,0.01,Too high Temp
2022-07-08,14:41:06,0,90.48,0.01,Too high Temp
2022-07-08,14:41:06,0,90.48,0.01,-
2022-07-08,14:41:06,0,90.48,0.01,Too high Temp
2022-07-08,14:41:06,0,90.47,0.01,Too high Temp
2022-07-08,14:41:07,0,90.48,0.01,Too high Temp
2022-07-08,14:41:07,0,90.48,0.0,-
2022-07-08,14:41:07,0,90.48,0.01,Too high Temp
2022-07-08,14:41:07,0,90.48,0.01,Too high Temp
2022-07-08,14:41:07,0,90.48,0.01,Too high Temp
2022-07-08,14:41:08,0,90.48,0.01,Too high Temp
2022-07-08,14:41:08,0,90.48,0.01,-
2022-07-08,14:41:08,0,90.48,0.01,Too high Temp
2022-07-08,14:41:08,0,90.48,0.01,Too high Temp
2022-07-08,14:41:09,0,90.48,0.01,Too high Temp
2022-07-08,14:41:09,0,90.48,0.0,-
2022-07-08,14:41:09,0,90.48,0.01,Too high Temp
2022-07-08,14:41:09,0,90.48,0.01,Too high Temp
2022-07-08,14:41:10,0,90.48,0.01,Too high Temp
2022-07-08,14:41:10,0,90.48,0.01,Too high Temp
2022-07-08,14:41:10,0,90.48,0.01,-
2022-07-08,14:41:10,0,90.48,0.01,Too high Temp
2022-07-08,14:41:10,0,90.48,0.02,Too high Temp
2022-07-08,14:41:11,0,90.48,0.01,Too high Temp
2022-07-08,14:41:11,0,90.48,0.02,-
2022-07-08,14:41:11,0,90.47,0.01,Too high Temp
2022-07-08,14:41:11,0,90.48,0.01,Too high Temp
2022-07-08,14:41:12,0,90.48,0.0,Too high Temp
2022-07-08,14:41:12,0,90.48,0.01,Too high Temp
2022-07-08,14:41:12,0,90.48,0.0,-
2022-07-08,14:41:12,0,90.47,0.01,Too high Temp
2022-07-08,14:41:13,0,90.47,0.01,Too high Temp
2022-07-08,14:41:13,0,90.48,0.01,Too high Temp
2022-07-08,14:41:13,0,90.48,0.0,-
2022-07-08,14:41:13,0,90.48,0.01,Too high Temp
2022-07-08,14:41:13,0,90.47,0.01,Too high Temp
2022-07-08,14:41:14,0,90.48,0.0,Too high Temp
2022-07-08,14:41:14,0,90.48,0.01,Too high Temp
2022-07-08,14:41:14,0,90.48,0.01,-
2022-07-08,14:41:14,0,90.48,0.02,Too high Temp
2022-07-08,14:41:15,0,90.48,0.01,Too high Temp
2022-07-08,14:41:15,0,90.48,0.01,Too high Temp
2022-07-08,14:41:15,0,90.48,0.0,-
2022-07-08,14:41:15,0,90.48,0.01,Too high Temp
2022-07-08,14:41:16,0,90.48,0.01,Too high Temp
2022-07-08,14:41:16,0,90.48,0.01,Too high Temp
2022-07-08,14:41:16,0,90.48,0.01,Too high Temp
2022-07-08,14:41:16,0,90.48,0.01,-
2022-07-08,14:41:17,0,90.48,0.0,Too high Temp
2022-07-08,14:41:17,0,90.48,0.01,Too high Temp
2022-07-08,14:41:17,0,90.47,0.01,Too high Temp
2022-07-08,14:41:17,0,90.48,0.0,-
2022-07-08,14:41:17,0,90.48,0.01,Too high Temp
2022-07-08,14:41:18,0,90.48,0.01,Too high Temp
2022-07-08,14:41:18,0,90.48,0.01,Too high Temp
2022-07-08,14:41:18,0,90.48,0.0,Too high Temp
2022-07-08,14:41:18,0,90.48,0.01,-
2022-07-08,14:41:19,0,90.48,0.0,Too high Temp
2022-07-08,14:41:19,0,90.48,0.01,Too high Temp
2022-07-08,14:41:19,0,90.48,0.01,Too high Temp
2022-07-08,14:41:19,0,90.47,0.01,-
2022-07-08,14:41:19,0,90.48,0.01,Too high Temp
2022-07-08,14:41:20,0,90.48,0.0,Too high Temp
2022-07-08,14:41:20,0,90.48,0.0,Too high Temp
2022-07-08,14:41:20,0,90.48,0.0,Too high Temp
2022-07-08,14:41:20,0,90.48,0.0,-
2022-07-08,14:41:21,0,90.48,0.01,Too high Temp
2022-07-08,14:41:21,0,90.48,0.0,Too high Temp
2022-07-08,14:41:21,0,90.47,0.01,Too high Temp
2022-07-08,14:41:21,0,90.48,0.01,-
2022-07-08,14:41:22,0,90.48,0.01,Too high Temp
2022-07-08,14:41:22,0,90.48,0.01,Too high Temp
2022-07-08,14:41:22,0,90.48,0.01,Too high Temp
2022-07-08,14:41:22,0,90.48,0.01,Too high Temp
2022-07-08,14:41:22,0,90.48,0.01,-
2022-07-08,14:41:23,0,90.48,0.0,Too high Temp
2022-07-08,14:41:23,0,90.48,0.0,Too high Temp
2022-07-08,14:41:31,0,90.49,0.13,Too high Temp
2022-07-08,14:41:31,0,90.49,0.13,-
2022-07-08,14:41:32,0,90.48,0.0,Too high Temp
2022-07-08,14:41:32,0,90.48,0.0,Too high Temp
2022-07-08,14:41:32,0,90.48,0.01,Too high Temp
2022-07-08,14:41:33,0,90.47,0.01,-
2022-07-08,14:41:33,0,90.48,0.01,Too high Temp
2022-07-08,14:41:33,0,90.48,0.0,Too high Temp
2022-07-08,14:41:33,0,90.48,0.0,Too high Temp
2022-07-08,14:41:34,0,90.48,0.01,-
2022-07-08,14:41:34,0,90.48,0.0,Too high Temp
2022-07-08,14:41:34,0,90.48,0.0,Too high Temp
2022-07-08,14:41:34,0,90.48,0.0,Too high Temp
2022-07-08,14:41:35,0,90.48,0.01,Too high Temp
2022-07-08,14:41:35,0,90.48,0.01,-
2022-07-08,14:41:35,0,90.48,0.0,Too high Temp
2022-07-08,14:41:35,0,90.48,0.0,Too high Temp
2022-07-08,14:41:35,0,90.48,0.0,Too high Temp
2022-07-08,14:41:36,0,90.48,0.0,-
2022-07-08,14:41:36,0,90.48,0.01,Too high Temp
2022-07-08,14:41:36,0,90.48,0.0,Too high Temp
2022-07-08,14:41:36,0,90.48,0.0,Too high Temp
2022-07-08,14:41:37,0,90.48,0.0,Too high Temp
2022-07-08,14:41:37,0,90.48,0.0,-
2022-07-08,14:41:37,0,90.48,0.0,Too high Temp
2022-07-08,14:41:37,0,90.48,0.0,Too high Temp
2022-07-08,14:41:38,0,90.48,0.01,Too high Temp
2022-07-08,14:41:38,0,90.48,0.0,-
2022-07-08,14:41:38,0,90.48,0.01,Too high Temp
2022-07-08,14:41:38,0,90.48,0.0,Too high Temp
2022-07-08,14:41:38,0,90.47,0.01,Too high Temp
2022-07-08,14:41:39,0,90.48,0.0,-
2022-07-08,14:41:39,0,90.48,0.01,Too high Temp
2022-07-08,14:41:39,0,90.48,0.01,Too high Temp
2022-07-08,14:41:39,0,90.48,0.0,Too high Temp
2022-07-08,14:41:40,0,90.48,0.01,Too high Temp
2022-07-08,14:41:40,0,90.48,0.0,-
2022-07-08,14:41:40,0,90.48,0.01,Too high Temp
2022-07-08,14:41:40,0,90.48,0.01,Too high Temp
2022-07-08,14:41:41,0,90.48,0.01,Too high Temp
2022-07-08,14:41:41,0,90.48,0.01,Too high Temp
2022-07-08,14:41:41,0,90.48,0.01,-
2022-07-08,14:41:41,0,90.48,0.01,Too high Temp
2022-07-08,14:41:41,0,90.47,0.01,Too high Temp
2022-07-08,14:41:42,0,90.48,0.0,Too high Temp
2022-07-08,14:41:42,0,90.48,0.01,-
2022-07-08,14:41:42,0,90.48,0.01,Too high Temp
2022-07-08,14:41:42,0,90.48,0.0,Too high Temp
2022-07-08,14:41:43,0,90.48,0.0,Too high Temp
2022-07-08,14:41:43,0,90.48,0.0,Too high Temp
2022-07-08,14:41:43,0,90.48,0.0,-
2022-07-08,14:41:43,0,90.47,0.0,Too high Temp
2022-07-08,14:41:44,0,90.48,0.01,Too high Temp
2022-07-08,14:41:44,0,90.48,0.0,Too high Temp
2022-07-08,14:41:44,0,90.48,0.01,-
2022-07-08,14:41:44,0,90.48,0.0,Too high Temp
2022-07-08,14:41:44,0,90.48,0.0,Too high Temp
2022-07-08,14:41:45,0,90.48,0.0,Too high Temp
2022-07-08,14:41:45,0,90.48,0.01,Too high Temp
2022-07-08,14:41:45,0,90.48,0.01,-
2022-07-08,14:41:45,0,90.48,0.01,Too high Temp
2022-07-08,14:41:46,0,90.48,0.0,Too high Temp
2022-07-08,14:41:46,0,90.48,0.01,Too high Temp
2022-07-08,14:41:46,0,90.48,0.01,-
2022-07-08,14:41:46,0,90.48,0.0,Too high Temp
2022-07-08,14:41:47,0,90.48,0.0,Too high Temp
2022-07-08,14:41:47,0,90.48,0.01,Too high Temp
2022-07-08,14:41:47,0,90.48,0.01,-
2022-07-08,14:41:47,0,90.48,0.01,Too high Temp
2022-07-08,14:41:47,0,90.48,0.0,Too high Temp
2022-07-08,14:41:48,0,90.48,0.0,Too high Temp
2022-07-08,14:41:48,0,90.48,0.0,Too high Temp
2022-07-08,14:41:48,0,90.48,0.0,-
2022-07-08,14:41:48,0,90.48,0.0,Too high Temp
2022-07-08,14:41:49,0,90.48,0.01,Too high Temp
2022-07-08,14:41:49,0,90.48,0.0,Too high Temp
2022-07-08,14:41:49,0,90.48,0.0,-
2022-07-08,14:41:49,0,90.48,0.01,Too high Temp
2022-07-08,14:41:50,0,90.48,0.0,Too high Temp
2022-07-08,14:41:50,0,90.48,0.0,Too high Temp
2022-07-08,14:41:50,0,90.48,0.0,Too high Temp
2022-07-08,14:41:50,0,90.48,0.0,-
2022-07-08,14:42:18,0,90.49,0.13,Too high Temp
2022-07-08,14:42:18,0,90.49,0.13,-
2022-07-08,14:42:19,0,90.48,0.01,Too high Temp
2022-07-08,14:42:20,0,90.48,0.01,Too high Temp
2022-07-08,14:42:20,0,90.48,0.0,Too high Temp
2022-07-08,14:42:20,0,90.48,0.01,-
2022-07-08,14:42:20,0,90.48,0.0,Too high Temp
2022-07-08,14:42:21,0,90.48,0.0,Too high Temp
2022-07-08,14:42:21,0,90.48,0.0,Too high Temp
2022-07-08,14:42:21,0,90.48,0.0,Too high Temp
2022-07-08,14:42:21,0,90.48,0.0,-
2022-07-08,14:42:21,0,90.48,0.0,Too high Temp
2022-07-08,14:42:22,0,90.48,0.0,Too high Temp
2022-07-08,14:42:22,0,90.48,0.01,Too high Temp
2022-07-08,14:42:22,0,90.48,0.01,-
2022-07-08,14:42:22,0,90.48,0.0,Too high Temp
2022-07-08,14:42:23,0,90.48,0.0,Too high Temp
2022-07-08,14:42:23,0,90.48,0.01,Too high Temp
2022-07-08,14:42:23,0,90.48,0.0,Too high Temp
2022-07-08,14:42:23,0,90.48,0.0,-
2022-07-08,14:42:24,0,90.48,0.0,Too high Temp
2022-07-08,14:42:24,0,90.48,0.01,Too high Temp
2022-07-08,14:42:24,0,90.48,0.0,Too high Temp
2022-07-08,14:42:24,0,90.48,0.0,-
2022-07-08,14:42:24,0,90.48,0.0,Too high Temp
2022-07-08,14:42:25,0,90.47,0.0,Too high Temp
2022-07-08,14:42:25,0,90.48,0.01,Too high Temp
2022-07-08,14:42:25,0,90.48,0.01,-
2022-07-08,14:42:25,0,90.48,0.01,Too high Temp
2022-07-08,14:42:26,0,90.48,0.0,Too high Temp
2022-07-08,14:42:26,0,90.48,0.0,Too high Temp
2022-07-08,14:42:26,0,90.48,0.01,Too high Temp
2022-07-08,14:42:26,0,90.48,0.01,-
2022-07-08,14:42:27,0,90.48,0.0,Too high Temp
2022-07-08,14:42:27,0,90.48,0.01,Too high Temp
2022-07-08,14:42:27,0,90.48,0.0,Too high Temp
2022-07-08,14:42:27,0,90.48,0.01,-
2022-07-08,14:42:27,0,90.48,0.0,Too high Temp
2022-07-08,14:42:28,0,90.48,0.0,Too high Temp
